n,p,p_type,df_t,empirical_size
50,50,"n",3,15.49
50,50,"n",5,13.95
50,50,"n",10,8.63
50,50,"n",Inf,4.78
50,2500,"n^2",3,19.01
50,2500,"n^2",5,22.79
50,2500,"n^2",10,24.93
50,2500,"n^2",Inf,4.65
100,100,"n",3,20.53
100,100,"n",5,20.77
100,100,"n",10,14.76
100,100,"n",Inf,5.2
100,10000,"n^2",3,23.67
100,10000,"n^2",5,28.25
100,10000,"n^2",10,31.88
100,10000,"n^2",Inf,4.9
200,200,"n",3,24.06
200,200,"n",5,26.49
200,200,"n",10,21.44
200,200,"n",Inf,4.98
200,40000,"n^2",3,26.42
200,40000,"n^2",5,33.05
200,40000,"n^2",10,36.78
200,40000,"n^2",Inf,4.95
300,300,"n",3,27.4
300,300,"n",5,30.39
300,300,"n",10,24.99
300,300,"n",Inf,5.25
300,90000,"n^2",3,26.77
300,90000,"n^2",5,34.75
300,90000,"n^2",10,38.37
300,90000,"n^2",Inf,5.05
400,400,"n",3,27.63
400,400,"n",5,32.8
400,400,"n",10,28.07
400,400,"n",Inf,4.83
400,160000,"n^2",3,28.55
400,160000,"n^2",5,36.64
400,160000,"n^2",10,39.97
400,160000,"n^2",Inf,5.33
