period_id,period_label,window_index,window_id,window_start,window_end,window_mid,n_window,p,method,K,alpha,reject,p_value,statistic,critical_value,B,seed,step_size,run_signature,status,error,elapsed_seconds
gfc_2005_2010,The global financial crisis period,1,gfc_2005_2010_w0001,2005-01-03,2005-12-30,2005-07-01,252,349,our_resampling,1,0.05,FALSE,0.413,-0.148738742716846,2.28660476688164,1000,20306681,5,rolling_v1|our_resampling|252|5|0.05|1|1000|1|TRUE|QS|20260821,ok,"",0.311000000001513
gfc_2005_2010,The global financial crisis period,2,gfc_2005_2010_w0002,2005-01-10,2006-01-09,2005-07-11,252,349,our_resampling,1,0.05,FALSE,0.367,0.126200997849471,2.32082847384614,1000,20306716,5,rolling_v1|our_resampling|252|5|0.05|1|1000|1|TRUE|QS|20260821,ok,"",0.298999999999069
gfc_2005_2010,The global financial crisis period,3,gfc_2005_2010_w0003,2005-01-18,2006-01-17,2005-07-18,252,349,our_resampling,1,0.05,FALSE,0.37,0.0695767616750607,2.38321858432659,1000,20306751,5,rolling_v1|our_resampling|252|5|0.05|1|1000|1|TRUE|QS|20260821,ok,"",0.30000000000291
gfc_2005_2010,The global financial crisis period,4,gfc_2005_2010_w0004,2005-01-25,2006-01-24,2005-07-25,252,349,our_resampling,1,0.05,FALSE,0.317,0.242456749418398,2.44197232023514,1000,20306786,5,rolling_v1|our_resampling|252|5|0.05|1|1000|1|TRUE|QS|20260821,ok,"",0.298999999999069
gfc_2005_2010,The global financial crisis period,5,gfc_2005_2010_w0005,2005-02-01,2006-01-31,2005-08-01,252,349,our_resampling,1,0.05,FALSE,0.215,0.50500339505272,2.05813450942762,1000,20306821,5,rolling_v1|our_resampling|252|5|0.05|1|1000|1|TRUE|QS|20260821,ok,"",0.298999999999069
gfc_2005_2010,The global financial crisis period,6,gfc_2005_2010_w0006,2005-02-08,2006-02-07,2005-08-08,252,349,our_resampling,1,0.05,FALSE,0.308,0.242864212853202,2.33757856254441,1000,20306856,5,rolling_v1|our_resampling|252|5|0.05|1|1000|1|TRUE|QS|20260821,ok,"",0.298999999999069
gfc_2005_2010,The global financial crisis period,7,gfc_2005_2010_w0007,2005-02-15,2006-02-14,2005-08-15,252,349,our_resampling,1,0.05,FALSE,0.303,0.302822678385795,2.25332276079297,1000,20306891,5,rolling_v1|our_resampling|252|5|0.05|1|1000|1|TRUE|QS|20260821,ok,"",0.298999999999069
gfc_2005_2010,The global financial crisis period,8,gfc_2005_2010_w0008,2005-02-23,2006-02-22,2005-08-22,252,349,our_resampling,1,0.05,FALSE,0.267,0.409444543987804,2.45534634053017,1000,20306926,5,rolling_v1|our_resampling|252|5|0.05|1|1000|1|TRUE|QS|20260821,ok,"",0.30000000000291
gfc_2005_2010,The global financial crisis period,9,gfc_2005_2010_w0009,2005-03-02,2006-03-01,2005-08-29,252,349,our_resampling,1,0.05,FALSE,0.181,0.788537225587762,2.42011164031503,1000,20306961,5,rolling_v1|our_resampling|252|5|0.05|1|1000|1|TRUE|QS|20260821,ok,"",0.298999999999069
gfc_2005_2010,The global financial crisis period,10,gfc_2005_2010_w0010,2005-03-09,2006-03-08,2005-09-06,252,349,our_resampling,1,0.05,FALSE,0.163,1.07729845707557,2.63861493057344,1000,20306680,5,rolling_v1|our_resampling|252|5|0.05|1|1000|1|TRUE|QS|20260821,ok,"",0.30000000000291
gfc_2005_2010,The global financial crisis period,11,gfc_2005_2010_w0011,2005-03-16,2006-03-15,2005-09-13,252,349,our_resampling,1,0.05,FALSE,0.14,1.00580685521636,2.19859482333818,1000,20306715,5,rolling_v1|our_resampling|252|5|0.05|1|1000|1|TRUE|QS|20260821,ok,"",0.3009999999922
gfc_2005_2010,The global financial crisis period,12,gfc_2005_2010_w0012,2005-03-23,2006-03-22,2005-09-20,252,349,our_resampling,1,0.05,FALSE,0.16,1.04117439834893,2.56082538655468,1000,20306750,5,rolling_v1|our_resampling|252|5|0.05|1|1000|1|TRUE|QS|20260821,ok,"",0.30000000000291
gfc_2005_2010,The global financial crisis period,13,gfc_2005_2010_w0013,2005-03-31,2006-03-29,2005-09-27,252,349,our_resampling,1,0.05,FALSE,0.164,0.891096165942613,2.60119936846397,1000,20306785,5,rolling_v1|our_resampling|252|5|0.05|1|1000|1|TRUE|QS|20260821,ok,"",0.339000000007218
gfc_2005_2010,The global financial crisis period,14,gfc_2005_2010_w0014,2005-04-07,2006-04-05,2005-10-04,252,349,our_resampling,1,0.05,FALSE,0.166,0.790877299515969,2.40277098128219,1000,20306820,5,rolling_v1|our_resampling|252|5|0.05|1|1000|1|TRUE|QS|20260821,ok,"",0.307000000000699
gfc_2005_2010,The global financial crisis period,15,gfc_2005_2010_w0015,2005-04-14,2006-04-12,2005-10-11,252,349,our_resampling,1,0.05,FALSE,0.191,0.859445822631247,2.5980774199464,1000,20306855,5,rolling_v1|our_resampling|252|5|0.05|1|1000|1|TRUE|QS|20260821,ok,"",0.302999999999884
gfc_2005_2010,The global financial crisis period,16,gfc_2005_2010_w0016,2005-04-21,2006-04-20,2005-10-18,252,349,our_resampling,1,0.05,FALSE,0.174,0.750116937243274,2.02709690774711,1000,20306890,5,rolling_v1|our_resampling|252|5|0.05|1|1000|1|TRUE|QS|20260821,ok,"",0.298000000009779
gfc_2005_2010,The global financial crisis period,17,gfc_2005_2010_w0017,2005-04-28,2006-04-27,2005-10-25,252,349,our_resampling,1,0.05,FALSE,0.335,0.159102408457391,1.81261746170532,1000,20306925,5,rolling_v1|our_resampling|252|5|0.05|1|1000|1|TRUE|QS|20260821,ok,"",0.298000000009779
gfc_2005_2010,The global financial crisis period,18,gfc_2005_2010_w0018,2005-05-05,2006-05-04,2005-11-01,252,349,our_resampling,1,0.05,FALSE,0.456,-0.129817837554102,2.02635724398866,1000,20306960,5,rolling_v1|our_resampling|252|5|0.05|1|1000|1|TRUE|QS|20260821,ok,"",0.302000000010594
gfc_2005_2010,The global financial crisis period,19,gfc_2005_2010_w0019,2005-05-12,2006-05-11,2005-11-08,252,349,our_resampling,1,0.05,FALSE,0.537,-0.306248810443695,2.02685821389633,1000,20306995,5,rolling_v1|our_resampling|252|5|0.05|1|1000|1|TRUE|QS|20260821,ok,"",0.296000000002096
gfc_2005_2010,The global financial crisis period,20,gfc_2005_2010_w0020,2005-05-19,2006-05-18,2005-11-15,252,349,our_resampling,1,0.05,FALSE,0.408,0.034654639105832,1.94707813103417,1000,20306714,5,rolling_v1|our_resampling|252|5|0.05|1|1000|1|TRUE|QS|20260821,ok,"",0.296999999991385
gfc_2005_2010,The global financial crisis period,21,gfc_2005_2010_w0021,2005-05-26,2006-05-25,2005-11-22,252,349,our_resampling,1,0.05,FALSE,0.412,-0.00247561293701164,2.12617815271402,1000,20306749,5,rolling_v1|our_resampling|252|5|0.05|1|1000|1|TRUE|QS|20260821,ok,"",0.297999999995227
gfc_2005_2010,The global financial crisis period,22,gfc_2005_2010_w0022,2005-06-03,2006-06-02,2005-11-30,252,349,our_resampling,1,0.05,FALSE,0.481,-0.150972217175784,2.16919277919476,1000,20306784,5,rolling_v1|our_resampling|252|5|0.05|1|1000|1|TRUE|QS|20260821,ok,"",0.298000000009779
gfc_2005_2010,The global financial crisis period,23,gfc_2005_2010_w0023,2005-06-10,2006-06-09,2005-12-07,252,349,our_resampling,1,0.05,FALSE,0.363,0.10896550359271,1.88943510517077,1000,20306819,5,rolling_v1|our_resampling|252|5|0.05|1|1000|1|TRUE|QS|20260821,ok,"",0.296999999991385
gfc_2005_2010,The global financial crisis period,24,gfc_2005_2010_w0024,2005-06-17,2006-06-16,2005-12-14,252,349,our_resampling,1,0.05,FALSE,0.368,0.186821657487006,2.18710018931439,1000,20306854,5,rolling_v1|our_resampling|252|5|0.05|1|1000|1|TRUE|QS|20260821,ok,"",0.297999999995227
gfc_2005_2010,The global financial crisis period,25,gfc_2005_2010_w0025,2005-06-24,2006-06-23,2005-12-21,252,349,our_resampling,1,0.05,FALSE,0.349,0.141915331097562,1.86733899133313,1000,20306889,5,rolling_v1|our_resampling|252|5|0.05|1|1000|1|TRUE|QS|20260821,ok,"",0.298000000009779
gfc_2005_2010,The global financial crisis period,26,gfc_2005_2010_w0026,2005-07-01,2006-06-30,2005-12-29,252,349,our_resampling,1,0.05,FALSE,0.336,0.160702534218082,1.60572731735828,1000,20306924,5,rolling_v1|our_resampling|252|5|0.05|1|1000|1|TRUE|QS|20260821,ok,"",0.297000000005937
gfc_2005_2010,The global financial crisis period,27,gfc_2005_2010_w0027,2005-07-11,2006-07-10,2006-01-06,252,349,our_resampling,1,0.05,FALSE,0.322,0.186834922368827,1.79840165387679,1000,20306959,5,rolling_v1|our_resampling|252|5|0.05|1|1000|1|TRUE|QS|20260821,ok,"",0.309999999997672
gfc_2005_2010,The global financial crisis period,28,gfc_2005_2010_w0028,2005-07-18,2006-07-17,2006-01-13,252,349,our_resampling,1,0.05,FALSE,0.301,0.246254312148574,1.84840282200817,1000,20306994,5,rolling_v1|our_resampling|252|5|0.05|1|1000|1|TRUE|QS|20260821,ok,"",0.30000000000291
gfc_2005_2010,The global financial crisis period,29,gfc_2005_2010_w0029,2005-07-25,2006-07-24,2006-01-23,252,349,our_resampling,1,0.05,FALSE,0.534,-0.284533164527518,1.97702353386826,1000,20307029,5,rolling_v1|our_resampling|252|5|0.05|1|1000|1|TRUE|QS|20260821,ok,"",0.297999999995227
gfc_2005_2010,The global financial crisis period,30,gfc_2005_2010_w0030,2005-08-01,2006-07-31,2006-01-30,252,349,our_resampling,1,0.05,FALSE,0.39,-0.0435512445593048,1.94761426917623,1000,20306748,5,rolling_v1|our_resampling|252|5|0.05|1|1000|1|TRUE|QS|20260821,ok,"",0.297999999995227
gfc_2005_2010,The global financial crisis period,31,gfc_2005_2010_w0031,2005-08-08,2006-08-07,2006-02-06,252,349,our_resampling,1,0.05,FALSE,0.447,-0.160260275833918,2.07201668029215,1000,20306783,5,rolling_v1|our_resampling|252|5|0.05|1|1000|1|TRUE|QS|20260821,ok,"",0.297999999995227
gfc_2005_2010,The global financial crisis period,32,gfc_2005_2010_w0032,2005-08-15,2006-08-14,2006-02-13,252,349,our_resampling,1,0.05,FALSE,0.47,-0.13267918344999,2.06705665357447,1000,20306818,5,rolling_v1|our_resampling|252|5|0.05|1|1000|1|TRUE|QS|20260821,ok,"",0.296000000002096
gfc_2005_2010,The global financial crisis period,33,gfc_2005_2010_w0033,2005-08-22,2006-08-21,2006-02-21,252,349,our_resampling,1,0.05,FALSE,0.37,0.0316217177360491,2.10225784396008,1000,20306853,5,rolling_v1|our_resampling|252|5|0.05|1|1000|1|TRUE|QS|20260821,ok,"",0.297000000005937
gfc_2005_2010,The global financial crisis period,34,gfc_2005_2010_w0034,2005-08-29,2006-08-28,2006-02-28,252,349,our_resampling,1,0.05,FALSE,0.39,0.0110408304326735,1.96125905703799,1000,20306888,5,rolling_v1|our_resampling|252|5|0.05|1|1000|1|TRUE|QS|20260821,ok,"",0.297000000005937
gfc_2005_2010,The global financial crisis period,35,gfc_2005_2010_w0035,2005-09-06,2006-09-05,2006-03-07,252,349,our_resampling,1,0.05,FALSE,0.313,0.0965966367377682,2.0121473961102,1000,20306923,5,rolling_v1|our_resampling|252|5|0.05|1|1000|1|TRUE|QS|20260821,ok,"",0.298000000009779
gfc_2005_2010,The global financial crisis period,36,gfc_2005_2010_w0036,2005-09-13,2006-09-12,2006-03-14,252,349,our_resampling,1,0.05,FALSE,0.352,0.0647903571621776,2.05638052621003,1000,20306958,5,rolling_v1|our_resampling|252|5|0.05|1|1000|1|TRUE|QS|20260821,ok,"",0.297000000005937
gfc_2005_2010,The global financial crisis period,37,gfc_2005_2010_w0037,2005-09-20,2006-09-19,2006-03-21,252,349,our_resampling,1,0.05,FALSE,0.312,0.136976831183835,1.9215602795327,1000,20306993,5,rolling_v1|our_resampling|252|5|0.05|1|1000|1|TRUE|QS|20260821,ok,"",0.297999999995227
gfc_2005_2010,The global financial crisis period,38,gfc_2005_2010_w0038,2005-09-27,2006-09-26,2006-03-28,252,349,our_resampling,1,0.05,FALSE,0.286,0.167580303510793,1.81841053523229,1000,20307028,5,rolling_v1|our_resampling|252|5|0.05|1|1000|1|TRUE|QS|20260821,ok,"",0.297000000005937
gfc_2005_2010,The global financial crisis period,39,gfc_2005_2010_w0039,2005-10-04,2006-10-03,2006-04-04,252,349,our_resampling,1,0.05,FALSE,0.296,0.233896580862204,2.13018337180172,1000,20307063,5,rolling_v1|our_resampling|252|5|0.05|1|1000|1|TRUE|QS|20260821,ok,"",0.298000000009779
gfc_2005_2010,The global financial crisis period,40,gfc_2005_2010_w0040,2005-10-11,2006-10-10,2006-04-11,252,349,our_resampling,1,0.05,FALSE,0.263,0.381969036513951,2.13957729811181,1000,20306782,5,rolling_v1|our_resampling|252|5|0.05|1|1000|1|TRUE|QS|20260821,ok,"",0.3009999999922
gfc_2005_2010,The global financial crisis period,41,gfc_2005_2010_w0041,2005-10-18,2006-10-17,2006-04-19,252,349,our_resampling,1,0.05,FALSE,0.287,0.329685825961502,1.88256812557328,1000,20306817,5,rolling_v1|our_resampling|252|5|0.05|1|1000|1|TRUE|QS|20260821,ok,"",0.297000000005937
gfc_2005_2010,The global financial crisis period,42,gfc_2005_2010_w0042,2005-10-25,2006-10-24,2006-04-26,252,349,our_resampling,1,0.05,FALSE,0.235,0.547031988496063,2.1558193875911,1000,20306852,5,rolling_v1|our_resampling|252|5|0.05|1|1000|1|TRUE|QS|20260821,ok,"",0.296999999991385
gfc_2005_2010,The global financial crisis period,43,gfc_2005_2010_w0043,2005-11-01,2006-10-31,2006-05-03,252,349,our_resampling,1,0.05,FALSE,0.235,0.520215007836754,2.03679735896094,1000,20306887,5,rolling_v1|our_resampling|252|5|0.05|1|1000|1|TRUE|QS|20260821,ok,"",0.297000000005937
gfc_2005_2010,The global financial crisis period,44,gfc_2005_2010_w0044,2005-11-08,2006-11-07,2006-05-10,252,349,our_resampling,1,0.05,FALSE,0.228,0.43736631320023,1.82004712123074,1000,20306922,5,rolling_v1|our_resampling|252|5|0.05|1|1000|1|TRUE|QS|20260821,ok,"",0.298000000009779
gfc_2005_2010,The global financial crisis period,45,gfc_2005_2010_w0045,2005-11-15,2006-11-14,2006-05-17,252,349,our_resampling,1,0.05,FALSE,0.249,0.522059776589787,2.11331726643342,1000,20306957,5,rolling_v1|our_resampling|252|5|0.05|1|1000|1|TRUE|QS|20260821,ok,"",0.297000000005937
gfc_2005_2010,The global financial crisis period,46,gfc_2005_2010_w0046,2005-11-22,2006-11-21,2006-05-24,252,349,our_resampling,1,0.05,FALSE,0.221,0.593193156914325,2.40679605418406,1000,20306992,5,rolling_v1|our_resampling|252|5|0.05|1|1000|1|TRUE|QS|20260821,ok,"",0.297000000005937
gfc_2005_2010,The global financial crisis period,47,gfc_2005_2010_w0047,2005-11-30,2006-11-29,2006-06-01,252,349,our_resampling,1,0.05,FALSE,0.189,0.687808545306719,1.99039182980516,1000,20307027,5,rolling_v1|our_resampling|252|5|0.05|1|1000|1|TRUE|QS|20260821,ok,"",0.298000000009779
gfc_2005_2010,The global financial crisis period,48,gfc_2005_2010_w0048,2005-12-07,2006-12-06,2006-06-08,252,349,our_resampling,1,0.05,FALSE,0.154,0.843387697774985,2.0606871256479,1000,20307062,5,rolling_v1|our_resampling|252|5|0.05|1|1000|1|TRUE|QS|20260821,ok,"",0.296999999991385
gfc_2005_2010,The global financial crisis period,49,gfc_2005_2010_w0049,2005-12-14,2006-12-13,2006-06-15,252,349,our_resampling,1,0.05,FALSE,0.135,0.851171495461943,1.78614237886919,1000,20307097,5,rolling_v1|our_resampling|252|5|0.05|1|1000|1|TRUE|QS|20260821,ok,"",0.297999999995227
gfc_2005_2010,The global financial crisis period,50,gfc_2005_2010_w0050,2005-12-21,2006-12-20,2006-06-22,252,349,our_resampling,1,0.05,FALSE,0.183,0.759643574440317,2.03032391512031,1000,20306816,5,rolling_v1|our_resampling|252|5|0.05|1|1000|1|TRUE|QS|20260821,ok,"",0.297000000005937
gfc_2005_2010,The global financial crisis period,51,gfc_2005_2010_w0051,2005-12-29,2006-12-28,2006-06-29,252,349,our_resampling,1,0.05,FALSE,0.145,0.939221078985478,2.02270929324975,1000,20306851,5,rolling_v1|our_resampling|252|5|0.05|1|1000|1|TRUE|QS|20260821,ok,"",0.297999999995227
gfc_2005_2010,The global financial crisis period,52,gfc_2005_2010_w0052,2006-01-06,2007-01-08,2006-07-07,252,349,our_resampling,1,0.05,FALSE,0.137,1.06451291403496,2.07614118761372,1000,20306886,5,rolling_v1|our_resampling|252|5|0.05|1|1000|1|TRUE|QS|20260821,ok,"",0.295999999987544
gfc_2005_2010,The global financial crisis period,53,gfc_2005_2010_w0053,2006-01-13,2007-01-16,2006-07-14,252,349,our_resampling,1,0.05,FALSE,0.114,1.23772256204843,2.11441697945066,1000,20306921,5,rolling_v1|our_resampling|252|5|0.05|1|1000|1|TRUE|QS|20260821,ok,"",0.296999999991385
gfc_2005_2010,The global financial crisis period,54,gfc_2005_2010_w0054,2006-01-23,2007-01-23,2006-07-21,252,349,our_resampling,1,0.05,FALSE,0.089,1.44643521128946,2.30046757511065,1000,20306956,5,rolling_v1|our_resampling|252|5|0.05|1|1000|1|TRUE|QS|20260821,ok,"",0.297000000005937
gfc_2005_2010,The global financial crisis period,55,gfc_2005_2010_w0055,2006-01-30,2007-01-30,2006-07-28,252,349,our_resampling,1,0.05,FALSE,0.139,1.01910230201003,1.97769397971425,1000,20306991,5,rolling_v1|our_resampling|252|5|0.05|1|1000|1|TRUE|QS|20260821,ok,"",0.297000000005937
gfc_2005_2010,The global financial crisis period,56,gfc_2005_2010_w0056,2006-02-06,2007-02-06,2006-08-04,252,349,our_resampling,1,0.05,FALSE,0.12,1.19379106700976,2.09703974231829,1000,20307026,5,rolling_v1|our_resampling|252|5|0.05|1|1000|1|TRUE|QS|20260821,ok,"",0.297000000005937
gfc_2005_2010,The global financial crisis period,57,gfc_2005_2010_w0057,2006-02-13,2007-02-13,2006-08-11,252,349,our_resampling,1,0.05,FALSE,0.103,1.30687684069781,2.23248918229765,1000,20307061,5,rolling_v1|our_resampling|252|5|0.05|1|1000|1|TRUE|QS|20260821,ok,"",0.298000000009779
gfc_2005_2010,The global financial crisis period,58,gfc_2005_2010_w0058,2006-02-21,2007-02-21,2006-08-18,252,349,our_resampling,1,0.05,FALSE,0.096,1.46767557299148,2.52111391265053,1000,20307096,5,rolling_v1|our_resampling|252|5|0.05|1|1000|1|TRUE|QS|20260821,ok,"",0.297000000005937
gfc_2005_2010,The global financial crisis period,59,gfc_2005_2010_w0059,2006-02-28,2007-02-28,2006-08-25,252,349,our_resampling,1,0.05,FALSE,0.062,1.56840373704988,1.66890860375036,1000,20307131,5,rolling_v1|our_resampling|252|5|0.05|1|1000|1|TRUE|QS|20260821,ok,"",0.297000000005937
gfc_2005_2010,The global financial crisis period,60,gfc_2005_2010_w0060,2006-03-07,2007-03-07,2006-09-01,252,349,our_resampling,1,0.05,FALSE,0.066,1.62058188304219,1.91427304906816,1000,20306850,5,rolling_v1|our_resampling|252|5|0.05|1|1000|1|TRUE|QS|20260821,ok,"",0.296999999991385
gfc_2005_2010,The global financial crisis period,61,gfc_2005_2010_w0061,2006-03-14,2007-03-14,2006-09-11,252,349,our_resampling,1,0.05,FALSE,0.087,1.29302287593244,1.99018590574647,1000,20306885,5,rolling_v1|our_resampling|252|5|0.05|1|1000|1|TRUE|QS|20260821,ok,"",0.299999999988358
gfc_2005_2010,The global financial crisis period,62,gfc_2005_2010_w0062,2006-03-21,2007-03-21,2006-09-18,252,349,our_resampling,1,0.05,FALSE,0.138,0.99380422095635,2.05186070463429,1000,20306920,5,rolling_v1|our_resampling|252|5|0.05|1|1000|1|TRUE|QS|20260821,ok,"",0.301999999996042
gfc_2005_2010,The global financial crisis period,63,gfc_2005_2010_w0063,2006-03-28,2007-03-28,2006-09-25,252,349,our_resampling,1,0.05,FALSE,0.105,1.26314721230081,1.85380491144459,1000,20306955,5,rolling_v1|our_resampling|252|5|0.05|1|1000|1|TRUE|QS|20260821,ok,"",0.297000000005937
gfc_2005_2010,The global financial crisis period,64,gfc_2005_2010_w0064,2006-04-04,2007-04-04,2006-10-02,252,349,our_resampling,1,0.05,FALSE,0.094,1.33122916115699,2.09514253425128,1000,20306990,5,rolling_v1|our_resampling|252|5|0.05|1|1000|1|TRUE|QS|20260821,ok,"",0.296000000002096
gfc_2005_2010,The global financial crisis period,65,gfc_2005_2010_w0065,2006-04-11,2007-04-12,2006-10-09,252,349,our_resampling,1,0.05,FALSE,0.109,1.05274605076937,1.85954613839879,1000,20307025,5,rolling_v1|our_resampling|252|5|0.05|1|1000|1|TRUE|QS|20260821,ok,"",0.297000000005937
gfc_2005_2010,The global financial crisis period,66,gfc_2005_2010_w0066,2006-04-19,2007-04-19,2006-10-16,252,349,our_resampling,1,0.05,FALSE,0.102,1.11798297460421,1.78380036042429,1000,20307060,5,rolling_v1|our_resampling|252|5|0.05|1|1000|1|TRUE|QS|20260821,ok,"",0.296000000002096
gfc_2005_2010,The global financial crisis period,67,gfc_2005_2010_w0067,2006-04-26,2007-04-26,2006-10-23,252,349,our_resampling,1,0.05,FALSE,0.103,1.13944571700845,1.73524679443856,1000,20307095,5,rolling_v1|our_resampling|252|5|0.05|1|1000|1|TRUE|QS|20260821,ok,"",0.297000000005937
gfc_2005_2010,The global financial crisis period,68,gfc_2005_2010_w0068,2006-05-03,2007-05-03,2006-10-30,252,349,our_resampling,1,0.05,FALSE,0.09,1.2608620321442,1.63280061585872,1000,20307130,5,rolling_v1|our_resampling|252|5|0.05|1|1000|1|TRUE|QS|20260821,ok,"",0.296999999991385
gfc_2005_2010,The global financial crisis period,69,gfc_2005_2010_w0069,2006-05-10,2007-05-10,2006-11-06,252,349,our_resampling,1,0.05,FALSE,0.123,1.0810879086936,1.94827926835721,1000,20307165,5,rolling_v1|our_resampling|252|5|0.05|1|1000|1|TRUE|QS|20260821,ok,"",0.297000000005937
gfc_2005_2010,The global financial crisis period,70,gfc_2005_2010_w0070,2006-05-17,2007-05-17,2006-11-13,252,349,our_resampling,1,0.05,FALSE,0.251,0.399204593911765,1.99571789257239,1000,20306884,5,rolling_v1|our_resampling|252|5|0.05|1|1000|1|TRUE|QS|20260821,ok,"",0.296000000002096
gfc_2005_2010,The global financial crisis period,71,gfc_2005_2010_w0071,2006-05-24,2007-05-24,2006-11-20,252,349,our_resampling,1,0.05,FALSE,0.24,0.471345778010427,1.96453642867176,1000,20306919,5,rolling_v1|our_resampling|252|5|0.05|1|1000|1|TRUE|QS|20260821,ok,"",0.297000000005937
gfc_2005_2010,The global financial crisis period,72,gfc_2005_2010_w0072,2006-06-01,2007-06-01,2006-11-28,252,349,our_resampling,1,0.05,FALSE,0.219,0.518984631338156,2.0935687133194,1000,20306954,5,rolling_v1|our_resampling|252|5|0.05|1|1000|1|TRUE|QS|20260821,ok,"",0.297000000005937
gfc_2005_2010,The global financial crisis period,73,gfc_2005_2010_w0073,2006-06-08,2007-06-08,2006-12-05,252,349,our_resampling,1,0.05,FALSE,0.272,0.256399185970094,2.03157273059218,1000,20306989,5,rolling_v1|our_resampling|252|5|0.05|1|1000|1|TRUE|QS|20260821,ok,"",0.297000000005937
gfc_2005_2010,The global financial crisis period,74,gfc_2005_2010_w0074,2006-06-15,2007-06-15,2006-12-12,252,349,our_resampling,1,0.05,FALSE,0.233,0.411643461800479,1.80105715047566,1000,20307024,5,rolling_v1|our_resampling|252|5|0.05|1|1000|1|TRUE|QS|20260821,ok,"",0.297000000005937
gfc_2005_2010,The global financial crisis period,75,gfc_2005_2010_w0075,2006-06-22,2007-06-22,2006-12-19,252,349,our_resampling,1,0.05,FALSE,0.224,0.424457624064929,2.16168901335244,1000,20307059,5,rolling_v1|our_resampling|252|5|0.05|1|1000|1|TRUE|QS|20260821,ok,"",0.297000000005937
gfc_2005_2010,The global financial crisis period,76,gfc_2005_2010_w0076,2006-06-29,2007-06-29,2006-12-27,252,349,our_resampling,1,0.05,FALSE,0.237,0.464950933163877,1.90967720396201,1000,20307094,5,rolling_v1|our_resampling|252|5|0.05|1|1000|1|TRUE|QS|20260821,ok,"",0.296000000002096
gfc_2005_2010,The global financial crisis period,77,gfc_2005_2010_w0077,2006-07-07,2007-07-09,2007-01-05,252,349,our_resampling,1,0.05,FALSE,0.258,0.393376614375466,2.27445788753528,1000,20307129,5,rolling_v1|our_resampling|252|5|0.05|1|1000|1|TRUE|QS|20260821,ok,"",0.297000000005937
gfc_2005_2010,The global financial crisis period,78,gfc_2005_2010_w0078,2006-07-14,2007-07-16,2007-01-12,252,349,our_resampling,1,0.05,FALSE,0.227,0.526308874326336,2.06366468446979,1000,20307164,5,rolling_v1|our_resampling|252|5|0.05|1|1000|1|TRUE|QS|20260821,ok,"",0.297999999995227
gfc_2005_2010,The global financial crisis period,79,gfc_2005_2010_w0079,2006-07-21,2007-07-23,2007-01-22,252,349,our_resampling,1,0.05,FALSE,0.127,0.930200702231544,1.64247307561618,1000,20307199,5,rolling_v1|our_resampling|252|5|0.05|1|1000|1|TRUE|QS|20260821,ok,"",0.298000000009779
gfc_2005_2010,The global financial crisis period,80,gfc_2005_2010_w0080,2006-07-28,2007-07-30,2007-01-29,252,349,our_resampling,1,0.05,FALSE,0.278,0.360127109958395,2.07150490340439,1000,20306918,5,rolling_v1|our_resampling|252|5|0.05|1|1000|1|TRUE|QS|20260821,ok,"",0.296000000002096
gfc_2005_2010,The global financial crisis period,81,gfc_2005_2010_w0081,2006-08-04,2007-08-06,2007-02-05,252,349,our_resampling,1,0.05,FALSE,0.112,1.40058813063262,2.49576929164758,1000,20306953,5,rolling_v1|our_resampling|252|5|0.05|1|1000|1|TRUE|QS|20260821,ok,"",0.296000000002096
gfc_2005_2010,The global financial crisis period,82,gfc_2005_2010_w0082,2006-08-11,2007-08-13,2007-02-12,252,349,our_resampling,1,0.05,FALSE,0.082,2.02052315923886,2.89923870928301,1000,20306988,5,rolling_v1|our_resampling|252|5|0.05|1|1000|1|TRUE|QS|20260821,ok,"",0.297000000005937
gfc_2005_2010,The global financial crisis period,83,gfc_2005_2010_w0083,2006-08-18,2007-08-20,2007-02-20,252,349,our_resampling,1,0.05,FALSE,0.069,2.31030916768887,2.82616598813291,1000,20307023,5,rolling_v1|our_resampling|252|5|0.05|1|1000|1|TRUE|QS|20260821,ok,"",0.296000000002096
gfc_2005_2010,The global financial crisis period,84,gfc_2005_2010_w0084,2006-08-25,2007-08-27,2007-02-27,252,349,our_resampling,1,0.05,FALSE,0.061,2.45909219149125,2.63124306489821,1000,20307058,5,rolling_v1|our_resampling|252|5|0.05|1|1000|1|TRUE|QS|20260821,ok,"",0.297000000005937
gfc_2005_2010,The global financial crisis period,85,gfc_2005_2010_w0085,2006-09-01,2007-09-04,2007-03-06,252,349,our_resampling,1,0.05,FALSE,0.055,2.66975146683854,2.81363742539886,1000,20307093,5,rolling_v1|our_resampling|252|5|0.05|1|1000|1|TRUE|QS|20260821,ok,"",0.301000000006752
gfc_2005_2010,The global financial crisis period,86,gfc_2005_2010_w0086,2006-09-11,2007-09-11,2007-03-13,252,349,our_resampling,1,0.05,TRUE,0.043,3.37851656599612,3.0481317916344,1000,20307128,5,rolling_v1|our_resampling|252|5|0.05|1|1000|1|TRUE|QS|20260821,ok,"",0.297000000005937
gfc_2005_2010,The global financial crisis period,87,gfc_2005_2010_w0087,2006-09-18,2007-09-18,2007-03-20,252,349,our_resampling,1,0.05,TRUE,0.03,3.87193188260891,3.19336193701672,1000,20307163,5,rolling_v1|our_resampling|252|5|0.05|1|1000|1|TRUE|QS|20260821,ok,"",0.297000000005937
gfc_2005_2010,The global financial crisis period,88,gfc_2005_2010_w0088,2006-09-25,2007-09-25,2007-03-27,252,349,our_resampling,1,0.05,TRUE,0.047,3.07946985438623,3.02725158987046,1000,20307198,5,rolling_v1|our_resampling|252|5|0.05|1|1000|1|TRUE|QS|20260821,ok,"",0.297000000005937
gfc_2005_2010,The global financial crisis period,89,gfc_2005_2010_w0089,2006-10-02,2007-10-02,2007-04-03,252,349,our_resampling,1,0.05,TRUE,0.034,3.16351258213278,2.65062931695652,1000,20307233,5,rolling_v1|our_resampling|252|5|0.05|1|1000|1|TRUE|QS|20260821,ok,"",0.30000000000291
gfc_2005_2010,The global financial crisis period,90,gfc_2005_2010_w0090,2006-10-09,2007-10-09,2007-04-11,252,349,our_resampling,1,0.05,TRUE,0.038,3.06051177718366,2.43739097695377,1000,20306952,5,rolling_v1|our_resampling|252|5|0.05|1|1000|1|TRUE|QS|20260821,ok,"",0.297999999995227
gfc_2005_2010,The global financial crisis period,91,gfc_2005_2010_w0091,2006-10-16,2007-10-16,2007-04-18,252,349,our_resampling,1,0.05,TRUE,0.031,3.17953407989941,2.70473724417461,1000,20306987,5,rolling_v1|our_resampling|252|5|0.05|1|1000|1|TRUE|QS|20260821,ok,"",0.296999999991385
gfc_2005_2010,The global financial crisis period,92,gfc_2005_2010_w0092,2006-10-23,2007-10-23,2007-04-25,252,349,our_resampling,1,0.05,TRUE,0.041,3.07066526590022,2.80410306371809,1000,20307022,5,rolling_v1|our_resampling|252|5|0.05|1|1000|1|TRUE|QS|20260821,ok,"",0.301999999996042
gfc_2005_2010,The global financial crisis period,93,gfc_2005_2010_w0093,2006-10-30,2007-10-30,2007-05-02,252,349,our_resampling,1,0.05,TRUE,0.04,3.07342436230588,2.63618960288841,1000,20307057,5,rolling_v1|our_resampling|252|5|0.05|1|1000|1|TRUE|QS|20260821,ok,"",0.3009999999922
gfc_2005_2010,The global financial crisis period,94,gfc_2005_2010_w0094,2006-11-06,2007-11-06,2007-05-09,252,349,our_resampling,1,0.05,TRUE,0.022,3.3520794356206,2.45179914212234,1000,20307092,5,rolling_v1|our_resampling|252|5|0.05|1|1000|1|TRUE|QS|20260821,ok,"",0.302000000010594
gfc_2005_2010,The global financial crisis period,95,gfc_2005_2010_w0095,2006-11-13,2007-11-13,2007-05-16,252,349,our_resampling,1,0.05,TRUE,0.005,4.81819657171248,2.37319648582281,1000,20307127,5,rolling_v1|our_resampling|252|5|0.05|1|1000|1|TRUE|QS|20260821,ok,"",0.301000000006752
gfc_2005_2010,The global financial crisis period,96,gfc_2005_2010_w0096,2006-11-20,2007-11-20,2007-05-23,252,349,our_resampling,1,0.05,TRUE,0.002,5.87302071806389,2.46970277150353,1000,20307162,5,rolling_v1|our_resampling|252|5|0.05|1|1000|1|TRUE|QS|20260821,ok,"",0.307000000000699
gfc_2005_2010,The global financial crisis period,97,gfc_2005_2010_w0097,2006-11-28,2007-11-28,2007-05-31,252,349,our_resampling,1,0.05,TRUE,0.005,6.04407922890808,2.71662474100393,1000,20307197,5,rolling_v1|our_resampling|252|5|0.05|1|1000|1|TRUE|QS|20260821,ok,"",0.297999999995227
gfc_2005_2010,The global financial crisis period,98,gfc_2005_2010_w0098,2006-12-05,2007-12-05,2007-06-07,252,349,our_resampling,1,0.05,TRUE,0.006,6.39656093203071,2.57630691524625,1000,20307232,5,rolling_v1|our_resampling|252|5|0.05|1|1000|1|TRUE|QS|20260821,ok,"",0.298000000009779
gfc_2005_2010,The global financial crisis period,99,gfc_2005_2010_w0099,2006-12-12,2007-12-12,2007-06-14,252,349,our_resampling,1,0.05,TRUE,0.002,6.36794010694634,2.49967565912511,1000,20307267,5,rolling_v1|our_resampling|252|5|0.05|1|1000|1|TRUE|QS|20260821,ok,"",0.298000000009779
gfc_2005_2010,The global financial crisis period,100,gfc_2005_2010_w0100,2006-12-19,2007-12-19,2007-06-21,252,349,our_resampling,1,0.05,TRUE,0.004,5.91998447469351,2.29560924587554,1000,20306679,5,rolling_v1|our_resampling|252|5|0.05|1|1000|1|TRUE|QS|20260821,ok,"",0.297999999995227
gfc_2005_2010,The global financial crisis period,101,gfc_2005_2010_w0101,2006-12-27,2007-12-27,2007-06-28,252,349,our_resampling,1,0.05,TRUE,0.001,5.57263651094233,2.10162780792428,1000,20306714,5,rolling_v1|our_resampling|252|5|0.05|1|1000|1|TRUE|QS|20260821,ok,"",0.296999999991385
gfc_2005_2010,The global financial crisis period,102,gfc_2005_2010_w0102,2007-01-05,2008-01-04,2007-07-06,252,349,our_resampling,1,0.05,TRUE,0.009,4.16968894972488,1.99222709210005,1000,20306749,5,rolling_v1|our_resampling|252|5|0.05|1|1000|1|TRUE|QS|20260821,ok,"",0.298999999999069
gfc_2005_2010,The global financial crisis period,103,gfc_2005_2010_w0103,2007-01-12,2008-01-11,2007-07-13,252,349,our_resampling,1,0.05,TRUE,0.002,5.24118920977382,1.91019948474282,1000,20306784,5,rolling_v1|our_resampling|252|5|0.05|1|1000|1|TRUE|QS|20260821,ok,"",0.30000000000291
gfc_2005_2010,The global financial crisis period,104,gfc_2005_2010_w0104,2007-01-22,2008-01-18,2007-07-20,252,349,our_resampling,1,0.05,TRUE,0.001,5.00704257951759,1.92293342798872,1000,20306819,5,rolling_v1|our_resampling|252|5|0.05|1|1000|1|TRUE|QS|20260821,ok,"",0.297999999995227
gfc_2005_2010,The global financial crisis period,105,gfc_2005_2010_w0105,2007-01-29,2008-01-28,2007-07-27,252,349,our_resampling,1,0.05,TRUE,0.001,5.25535958199032,1.87733698573009,1000,20306854,5,rolling_v1|our_resampling|252|5|0.05|1|1000|1|TRUE|QS|20260821,ok,"",0.298999999999069
gfc_2005_2010,The global financial crisis period,106,gfc_2005_2010_w0106,2007-02-05,2008-02-04,2007-08-03,252,349,our_resampling,1,0.05,TRUE,0,5.32204902480908,1.77757092799976,1000,20306889,5,rolling_v1|our_resampling|252|5|0.05|1|1000|1|TRUE|QS|20260821,ok,"",0.297999999995227
gfc_2005_2010,The global financial crisis period,107,gfc_2005_2010_w0107,2007-02-12,2008-02-11,2007-08-10,252,349,our_resampling,1,0.05,TRUE,0.001,4.54305877448635,1.844849743503,1000,20306924,5,rolling_v1|our_resampling|252|5|0.05|1|1000|1|TRUE|QS|20260821,ok,"",0.297999999995227
gfc_2005_2010,The global financial crisis period,108,gfc_2005_2010_w0108,2007-02-20,2008-02-19,2007-08-17,252,349,our_resampling,1,0.05,TRUE,0.003,4.86008080462464,2.10876122130647,1000,20306959,5,rolling_v1|our_resampling|252|5|0.05|1|1000|1|TRUE|QS|20260821,ok,"",0.293999999994412
gfc_2005_2010,The global financial crisis period,109,gfc_2005_2010_w0109,2007-02-27,2008-02-26,2007-08-24,252,349,our_resampling,1,0.05,TRUE,0.002,5.07454999006999,1.89470090390704,1000,20306994,5,rolling_v1|our_resampling|252|5|0.05|1|1000|1|TRUE|QS|20260821,ok,"",0.298999999999069
gfc_2005_2010,The global financial crisis period,110,gfc_2005_2010_w0110,2007-03-06,2008-03-04,2007-08-31,252,349,our_resampling,1,0.05,TRUE,0.002,4.36126011266046,2.0730145721608,1000,20306713,5,rolling_v1|our_resampling|252|5|0.05|1|1000|1|TRUE|QS|20260821,ok,"",0.298000000009779
gfc_2005_2010,The global financial crisis period,111,gfc_2005_2010_w0111,2007-03-13,2008-03-11,2007-09-10,252,349,our_resampling,1,0.05,TRUE,0.003,5.5552831508631,1.83769831219171,1000,20306748,5,rolling_v1|our_resampling|252|5|0.05|1|1000|1|TRUE|QS|20260821,ok,"",0.297000000005937
gfc_2005_2010,The global financial crisis period,112,gfc_2005_2010_w0112,2007-03-20,2008-03-18,2007-09-17,252,349,our_resampling,1,0.05,TRUE,0.003,5.09899969649821,1.69140871723394,1000,20306783,5,rolling_v1|our_resampling|252|5|0.05|1|1000|1|TRUE|QS|20260821,ok,"",0.297999999995227
gfc_2005_2010,The global financial crisis period,113,gfc_2005_2010_w0113,2007-03-27,2008-03-26,2007-09-24,252,349,our_resampling,1,0.05,TRUE,0.002,6.71516577172254,2.28559893452759,1000,20306818,5,rolling_v1|our_resampling|252|5|0.05|1|1000|1|TRUE|QS|20260821,ok,"",0.298999999999069
gfc_2005_2010,The global financial crisis period,114,gfc_2005_2010_w0114,2007-04-03,2008-04-02,2007-10-01,252,349,our_resampling,1,0.05,TRUE,0.002,5.66655849997389,2.03537987186281,1000,20306853,5,rolling_v1|our_resampling|252|5|0.05|1|1000|1|TRUE|QS|20260821,ok,"",0.297999999995227
gfc_2005_2010,The global financial crisis period,115,gfc_2005_2010_w0115,2007-04-11,2008-04-09,2007-10-08,252,349,our_resampling,1,0.05,TRUE,0,5.58029969120397,1.86531375247854,1000,20306888,5,rolling_v1|our_resampling|252|5|0.05|1|1000|1|TRUE|QS|20260821,ok,"",0.297999999995227
gfc_2005_2010,The global financial crisis period,116,gfc_2005_2010_w0116,2007-04-18,2008-04-16,2007-10-15,252,349,our_resampling,1,0.05,TRUE,0.004,5.27267423223397,1.94642734256537,1000,20306923,5,rolling_v1|our_resampling|252|5|0.05|1|1000|1|TRUE|QS|20260821,ok,"",0.296999999991385
gfc_2005_2010,The global financial crisis period,117,gfc_2005_2010_w0117,2007-04-25,2008-04-23,2007-10-22,252,349,our_resampling,1,0.05,TRUE,0.002,5.30391183332842,2.17181147751909,1000,20306958,5,rolling_v1|our_resampling|252|5|0.05|1|1000|1|TRUE|QS|20260821,ok,"",0.297000000005937
gfc_2005_2010,The global financial crisis period,118,gfc_2005_2010_w0118,2007-05-02,2008-04-30,2007-10-29,252,349,our_resampling,1,0.05,TRUE,0.004,5.07514279282099,1.91615986920429,1000,20306993,5,rolling_v1|our_resampling|252|5|0.05|1|1000|1|TRUE|QS|20260821,ok,"",0.297000000005937
gfc_2005_2010,The global financial crisis period,119,gfc_2005_2010_w0119,2007-05-09,2008-05-07,2007-11-05,252,349,our_resampling,1,0.05,TRUE,0,5.33696391937777,1.80539119599147,1000,20307028,5,rolling_v1|our_resampling|252|5|0.05|1|1000|1|TRUE|QS|20260821,ok,"",0.296999999991385
gfc_2005_2010,The global financial crisis period,120,gfc_2005_2010_w0120,2007-05-16,2008-05-14,2007-11-12,252,349,our_resampling,1,0.05,TRUE,0.001,5.10525691498062,1.44198215027096,1000,20306747,5,rolling_v1|our_resampling|252|5|0.05|1|1000|1|TRUE|QS|20260821,ok,"",0.293999999994412
gfc_2005_2010,The global financial crisis period,121,gfc_2005_2010_w0121,2007-05-23,2008-05-21,2007-11-19,252,349,our_resampling,1,0.05,TRUE,0.001,4.98743549781516,1.87635304983441,1000,20306782,5,rolling_v1|our_resampling|252|5|0.05|1|1000|1|TRUE|QS|20260821,ok,"",0.297999999995227
gfc_2005_2010,The global financial crisis period,122,gfc_2005_2010_w0122,2007-05-31,2008-05-29,2007-11-27,252,349,our_resampling,1,0.05,TRUE,0.001,5.22326926527928,1.87250417501833,1000,20306817,5,rolling_v1|our_resampling|252|5|0.05|1|1000|1|TRUE|QS|20260821,ok,"",0.309000000008382
gfc_2005_2010,The global financial crisis period,123,gfc_2005_2010_w0123,2007-06-07,2008-06-05,2007-12-04,252,349,our_resampling,1,0.05,TRUE,0.002,5.80137781336787,1.71703901202852,1000,20306852,5,rolling_v1|our_resampling|252|5|0.05|1|1000|1|TRUE|QS|20260821,ok,"",0.297000000005937
gfc_2005_2010,The global financial crisis period,124,gfc_2005_2010_w0124,2007-06-14,2008-06-12,2007-12-11,252,349,our_resampling,1,0.05,TRUE,0.002,5.39841546403895,1.89413721501241,1000,20306887,5,rolling_v1|our_resampling|252|5|0.05|1|1000|1|TRUE|QS|20260821,ok,"",0.297000000005937
gfc_2005_2010,The global financial crisis period,125,gfc_2005_2010_w0125,2007-06-21,2008-06-19,2007-12-18,252,349,our_resampling,1,0.05,TRUE,0.001,5.18264645248913,1.90241596820362,1000,20306922,5,rolling_v1|our_resampling|252|5|0.05|1|1000|1|TRUE|QS|20260821,ok,"",0.296000000002096
gfc_2005_2010,The global financial crisis period,126,gfc_2005_2010_w0126,2007-06-28,2008-06-26,2007-12-26,252,349,our_resampling,1,0.05,TRUE,0.001,4.90370212603417,1.6568559082967,1000,20306957,5,rolling_v1|our_resampling|252|5|0.05|1|1000|1|TRUE|QS|20260821,ok,"",0.296999999991385
gfc_2005_2010,The global financial crisis period,127,gfc_2005_2010_w0127,2007-07-06,2008-07-03,2008-01-03,252,349,our_resampling,1,0.05,TRUE,0.001,4.7787423613751,1.57991371716935,1000,20306992,5,rolling_v1|our_resampling|252|5|0.05|1|1000|1|TRUE|QS|20260821,ok,"",0.305999999996857
gfc_2005_2010,The global financial crisis period,128,gfc_2005_2010_w0128,2007-07-13,2008-07-11,2008-01-10,252,349,our_resampling,1,0.05,TRUE,0,5.15212321425738,1.68679037475923,1000,20307027,5,rolling_v1|our_resampling|252|5|0.05|1|1000|1|TRUE|QS|20260821,ok,"",0.297000000005937
gfc_2005_2010,The global financial crisis period,129,gfc_2005_2010_w0129,2007-07-20,2008-07-18,2008-01-17,252,349,our_resampling,1,0.05,TRUE,0.005,3.98113034970309,2.00577454369684,1000,20307062,5,rolling_v1|our_resampling|252|5|0.05|1|1000|1|TRUE|QS|20260821,ok,"",0.297000000005937
gfc_2005_2010,The global financial crisis period,130,gfc_2005_2010_w0130,2007-07-27,2008-07-25,2008-01-25,252,349,our_resampling,1,0.05,TRUE,0.008,3.732926518138,1.89100027967156,1000,20306781,5,rolling_v1|our_resampling|252|5|0.05|1|1000|1|TRUE|QS|20260821,ok,"",0.297999999995227
gfc_2005_2010,The global financial crisis period,131,gfc_2005_2010_w0131,2007-08-03,2008-08-01,2008-02-01,252,349,our_resampling,1,0.05,TRUE,0.012,3.22567199794138,1.89171210853469,1000,20306816,5,rolling_v1|our_resampling|252|5|0.05|1|1000|1|TRUE|QS|20260821,ok,"",0.296999999991385
gfc_2005_2010,The global financial crisis period,132,gfc_2005_2010_w0132,2007-08-10,2008-08-08,2008-02-08,252,349,our_resampling,1,0.05,TRUE,0.009,3.51746581727536,1.81951620901538,1000,20306851,5,rolling_v1|our_resampling|252|5|0.05|1|1000|1|TRUE|QS|20260821,ok,"",0.296999999991385
gfc_2005_2010,The global financial crisis period,133,gfc_2005_2010_w0133,2007-08-17,2008-08-15,2008-02-15,252,349,our_resampling,1,0.05,TRUE,0.015,3.15696996827956,1.91564612096644,1000,20306886,5,rolling_v1|our_resampling|252|5|0.05|1|1000|1|TRUE|QS|20260821,ok,"",0.297999999995227
gfc_2005_2010,The global financial crisis period,134,gfc_2005_2010_w0134,2007-08-24,2008-08-22,2008-02-25,252,349,our_resampling,1,0.05,TRUE,0.017,2.81786005199622,1.81355636297649,1000,20306921,5,rolling_v1|our_resampling|252|5|0.05|1|1000|1|TRUE|QS|20260821,ok,"",0.297999999995227
gfc_2005_2010,The global financial crisis period,135,gfc_2005_2010_w0135,2007-08-31,2008-08-29,2008-03-03,252,349,our_resampling,1,0.05,TRUE,0.023,2.60195790584869,1.96100186642119,1000,20306956,5,rolling_v1|our_resampling|252|5|0.05|1|1000|1|TRUE|QS|20260821,ok,"",0.297999999995227
gfc_2005_2010,The global financial crisis period,136,gfc_2005_2010_w0136,2007-09-10,2008-09-08,2008-03-10,252,349,our_resampling,1,0.05,TRUE,0.028,2.29395915904293,1.71200386968144,1000,20306991,5,rolling_v1|our_resampling|252|5|0.05|1|1000|1|TRUE|QS|20260821,ok,"",0.296999999991385
gfc_2005_2010,The global financial crisis period,137,gfc_2005_2010_w0137,2007-09-17,2008-09-15,2008-03-17,252,349,our_resampling,1,0.05,TRUE,0.033,2.23500226348076,1.80299192462935,1000,20307026,5,rolling_v1|our_resampling|252|5|0.05|1|1000|1|TRUE|QS|20260821,ok,"",0.293999999994412
gfc_2005_2010,The global financial crisis period,138,gfc_2005_2010_w0138,2007-09-24,2008-09-22,2008-03-25,252,349,our_resampling,1,0.05,TRUE,0.042,3.69623723803425,3.39787121715191,1000,20307061,5,rolling_v1|our_resampling|252|5|0.05|1|1000|1|TRUE|QS|20260821,ok,"",0.296999999991385
gfc_2005_2010,The global financial crisis period,139,gfc_2005_2010_w0139,2007-10-01,2008-09-29,2008-04-01,252,349,our_resampling,1,0.05,TRUE,0.044,3.47218208526182,3.143440123955,1000,20307096,5,rolling_v1|our_resampling|252|5|0.05|1|1000|1|TRUE|QS|20260821,ok,"",0.296999999991385
gfc_2005_2010,The global financial crisis period,140,gfc_2005_2010_w0140,2007-10-08,2008-10-06,2008-04-08,252,349,our_resampling,1,0.05,FALSE,0.068,4.12608220551309,4.81034983024169,1000,20306815,5,rolling_v1|our_resampling|252|5|0.05|1|1000|1|TRUE|QS|20260821,ok,"",0.297000000005937
gfc_2005_2010,The global financial crisis period,141,gfc_2005_2010_w0141,2007-10-15,2008-10-13,2008-04-15,252,349,our_resampling,1,0.05,FALSE,0.154,1.44954432540972,3.24042640304099,1000,20306850,5,rolling_v1|our_resampling|252|5|0.05|1|1000|1|TRUE|QS|20260821,ok,"",0.297000000005937
gfc_2005_2010,The global financial crisis period,142,gfc_2005_2010_w0142,2007-10-22,2008-10-20,2008-04-22,252,349,our_resampling,1,0.05,FALSE,0.164,1.6844825896331,3.8986559717767,1000,20306885,5,rolling_v1|our_resampling|252|5|0.05|1|1000|1|TRUE|QS|20260821,ok,"",0.30000000000291
gfc_2005_2010,The global financial crisis period,143,gfc_2005_2010_w0143,2007-10-29,2008-10-27,2008-04-29,252,349,our_resampling,1,0.05,FALSE,0.186,1.58216699634841,3.87894044731094,1000,20306920,5,rolling_v1|our_resampling|252|5|0.05|1|1000|1|TRUE|QS|20260821,ok,"",0.297000000005937
gfc_2005_2010,The global financial crisis period,144,gfc_2005_2010_w0144,2007-11-05,2008-11-03,2008-05-06,252,349,our_resampling,1,0.05,FALSE,0.122,2.04818655946502,3.60013232751896,1000,20306955,5,rolling_v1|our_resampling|252|5|0.05|1|1000|1|TRUE|QS|20260821,ok,"",0.298000000009779
gfc_2005_2010,The global financial crisis period,145,gfc_2005_2010_w0145,2007-11-12,2008-11-10,2008-05-13,252,349,our_resampling,1,0.05,FALSE,0.105,1.98695463135701,2.760942167821,1000,20306990,5,rolling_v1|our_resampling|252|5|0.05|1|1000|1|TRUE|QS|20260821,ok,"",0.297000000005937
gfc_2005_2010,The global financial crisis period,146,gfc_2005_2010_w0146,2007-11-19,2008-11-17,2008-05-20,252,349,our_resampling,1,0.05,FALSE,0.072,2.83234325161743,3.57609763652421,1000,20307025,5,rolling_v1|our_resampling|252|5|0.05|1|1000|1|TRUE|QS|20260821,ok,"",0.297000000005937
gfc_2005_2010,The global financial crisis period,147,gfc_2005_2010_w0147,2007-11-27,2008-11-24,2008-05-28,252,349,our_resampling,1,0.05,FALSE,0.182,1.30607139763017,4.21742105387673,1000,20307060,5,rolling_v1|our_resampling|252|5|0.05|1|1000|1|TRUE|QS|20260821,ok,"",0.296999999991385
gfc_2005_2010,The global financial crisis period,148,gfc_2005_2010_w0148,2007-12-04,2008-12-02,2008-06-04,252,349,our_resampling,1,0.05,FALSE,0.125,1.98670033661821,3.97863027204753,1000,20307095,5,rolling_v1|our_resampling|252|5|0.05|1|1000|1|TRUE|QS|20260821,ok,"",0.298000000009779
gfc_2005_2010,The global financial crisis period,149,gfc_2005_2010_w0149,2007-12-11,2008-12-09,2008-06-11,252,349,our_resampling,1,0.05,FALSE,0.142,1.59495929143394,3.74564394955203,1000,20307130,5,rolling_v1|our_resampling|252|5|0.05|1|1000|1|TRUE|QS|20260821,ok,"",0.296000000002096
gfc_2005_2010,The global financial crisis period,150,gfc_2005_2010_w0150,2007-12-18,2008-12-16,2008-06-18,252,349,our_resampling,1,0.05,FALSE,0.143,1.732074090476,3.85169941837038,1000,20306849,5,rolling_v1|our_resampling|252|5|0.05|1|1000|1|TRUE|QS|20260821,ok,"",0.301999999996042
gfc_2005_2010,The global financial crisis period,151,gfc_2005_2010_w0151,2007-12-26,2008-12-23,2008-06-25,252,349,our_resampling,1,0.05,FALSE,0.116,1.85904141273907,3.93108233656252,1000,20306884,5,rolling_v1|our_resampling|252|5|0.05|1|1000|1|TRUE|QS|20260821,ok,"",0.297000000005937
gfc_2005_2010,The global financial crisis period,152,gfc_2005_2010_w0152,2008-01-03,2008-12-31,2008-07-02,252,349,our_resampling,1,0.05,FALSE,0.142,1.77570258626978,3.87563748660284,1000,20306919,5,rolling_v1|our_resampling|252|5|0.05|1|1000|1|TRUE|QS|20260821,ok,"",0.297000000005937
gfc_2005_2010,The global financial crisis period,153,gfc_2005_2010_w0153,2008-01-10,2009-01-08,2008-07-10,252,349,our_resampling,1,0.05,FALSE,0.144,1.66659716040476,3.42773380266974,1000,20306954,5,rolling_v1|our_resampling|252|5|0.05|1|1000|1|TRUE|QS|20260821,ok,"",0.297999999995227
gfc_2005_2010,The global financial crisis period,154,gfc_2005_2010_w0154,2008-01-17,2009-01-15,2008-07-17,252,349,our_resampling,1,0.05,FALSE,0.13,1.67296389997019,3.50226347884204,1000,20306989,5,rolling_v1|our_resampling|252|5|0.05|1|1000|1|TRUE|QS|20260821,ok,"",0.304999999993015
gfc_2005_2010,The global financial crisis period,155,gfc_2005_2010_w0155,2008-01-25,2009-01-23,2008-07-24,252,349,our_resampling,1,0.05,FALSE,0.1,2.13682231051822,3.60731032032864,1000,20307024,5,rolling_v1|our_resampling|252|5|0.05|1|1000|1|TRUE|QS|20260821,ok,"",0.297999999995227
gfc_2005_2010,The global financial crisis period,156,gfc_2005_2010_w0156,2008-02-01,2009-01-30,2008-07-31,252,349,our_resampling,1,0.05,FALSE,0.074,2.26807367149097,3.21443931553184,1000,20307059,5,rolling_v1|our_resampling|252|5|0.05|1|1000|1|TRUE|QS|20260821,ok,"",0.301000000006752
gfc_2005_2010,The global financial crisis period,157,gfc_2005_2010_w0157,2008-02-08,2009-02-06,2008-08-07,252,349,our_resampling,1,0.05,FALSE,0.095,1.98453590164412,2.99979008450983,1000,20307094,5,rolling_v1|our_resampling|252|5|0.05|1|1000|1|TRUE|QS|20260821,ok,"",0.297000000005937
gfc_2005_2010,The global financial crisis period,158,gfc_2005_2010_w0158,2008-02-15,2009-02-13,2008-08-14,252,349,our_resampling,1,0.05,FALSE,0.099,2.05127078606318,3.23845911007751,1000,20307129,5,rolling_v1|our_resampling|252|5|0.05|1|1000|1|TRUE|QS|20260821,ok,"",0.296999999991385
gfc_2005_2010,The global financial crisis period,159,gfc_2005_2010_w0159,2008-02-25,2009-02-23,2008-08-21,252,349,our_resampling,1,0.05,FALSE,0.108,1.90061525846652,3.1158622586941,1000,20307164,5,rolling_v1|our_resampling|252|5|0.05|1|1000|1|TRUE|QS|20260821,ok,"",0.296999999991385
gfc_2005_2010,The global financial crisis period,160,gfc_2005_2010_w0160,2008-03-03,2009-03-02,2008-08-28,252,349,our_resampling,1,0.05,FALSE,0.097,1.76071540915212,3.38107070614074,1000,20306883,5,rolling_v1|our_resampling|252|5|0.05|1|1000|1|TRUE|QS|20260821,ok,"",0.296999999991385
gfc_2005_2010,The global financial crisis period,161,gfc_2005_2010_w0161,2008-03-10,2009-03-09,2008-09-05,252,349,our_resampling,1,0.05,FALSE,0.116,1.86223452566105,3.15672397823677,1000,20306918,5,rolling_v1|our_resampling|252|5|0.05|1|1000|1|TRUE|QS|20260821,ok,"",0.297000000005937
gfc_2005_2010,The global financial crisis period,162,gfc_2005_2010_w0162,2008-03-17,2009-03-16,2008-09-12,252,349,our_resampling,1,0.05,FALSE,0.104,1.47525335795717,2.7107655209635,1000,20306953,5,rolling_v1|our_resampling|252|5|0.05|1|1000|1|TRUE|QS|20260821,ok,"",0.297000000005937
gfc_2005_2010,The global financial crisis period,163,gfc_2005_2010_w0163,2008-03-25,2009-03-23,2008-09-19,252,349,our_resampling,1,0.05,FALSE,0.122,1.22079934583288,2.59762452653453,1000,20306988,5,rolling_v1|our_resampling|252|5|0.05|1|1000|1|TRUE|QS|20260821,ok,"",0.297000000005937
gfc_2005_2010,The global financial crisis period,164,gfc_2005_2010_w0164,2008-04-01,2009-03-30,2008-09-26,252,349,our_resampling,1,0.05,FALSE,0.068,1.78949387024962,2.23295788965983,1000,20307023,5,rolling_v1|our_resampling|252|5|0.05|1|1000|1|TRUE|QS|20260821,ok,"",0.296000000002096
gfc_2005_2010,The global financial crisis period,165,gfc_2005_2010_w0165,2008-04-08,2009-04-06,2008-10-03,252,349,our_resampling,1,0.05,FALSE,0.123,1.49571007202598,2.92616581759456,1000,20307058,5,rolling_v1|our_resampling|252|5|0.05|1|1000|1|TRUE|QS|20260821,ok,"",0.296000000002096
gfc_2005_2010,The global financial crisis period,166,gfc_2005_2010_w0166,2008-04-15,2009-04-14,2008-10-10,252,349,our_resampling,1,0.05,FALSE,0.105,1.46085239840394,2.57313987666469,1000,20307093,5,rolling_v1|our_resampling|252|5|0.05|1|1000|1|TRUE|QS|20260821,ok,"",0.296999999991385
gfc_2005_2010,The global financial crisis period,167,gfc_2005_2010_w0167,2008-04-22,2009-04-21,2008-10-17,252,349,our_resampling,1,0.05,FALSE,0.083,1.712342456347,2.24362844948694,1000,20307128,5,rolling_v1|our_resampling|252|5|0.05|1|1000|1|TRUE|QS|20260821,ok,"",0.296000000002096
gfc_2005_2010,The global financial crisis period,168,gfc_2005_2010_w0168,2008-04-29,2009-04-28,2008-10-24,252,349,our_resampling,1,0.05,FALSE,0.086,1.71439374601787,2.5366115014605,1000,20307163,5,rolling_v1|our_resampling|252|5|0.05|1|1000|1|TRUE|QS|20260821,ok,"",0.298000000009779
gfc_2005_2010,The global financial crisis period,169,gfc_2005_2010_w0169,2008-05-06,2009-05-05,2008-10-31,252,349,our_resampling,1,0.05,FALSE,0.098,1.71217139603091,2.59992293578234,1000,20307198,5,rolling_v1|our_resampling|252|5|0.05|1|1000|1|TRUE|QS|20260821,ok,"",0.297000000005937
gfc_2005_2010,The global financial crisis period,170,gfc_2005_2010_w0170,2008-05-13,2009-05-12,2008-11-07,252,349,our_resampling,1,0.05,FALSE,0.064,1.92876417177996,2.36815996484433,1000,20306917,5,rolling_v1|our_resampling|252|5|0.05|1|1000|1|TRUE|QS|20260821,ok,"",0.295999999987544
gfc_2005_2010,The global financial crisis period,171,gfc_2005_2010_w0171,2008-05-20,2009-05-19,2008-11-14,252,349,our_resampling,1,0.05,FALSE,0.071,1.98841797904315,2.51054399513009,1000,20306952,5,rolling_v1|our_resampling|252|5|0.05|1|1000|1|TRUE|QS|20260821,ok,"",0.296999999991385
gfc_2005_2010,The global financial crisis period,172,gfc_2005_2010_w0172,2008-05-28,2009-05-27,2008-11-21,252,349,our_resampling,1,0.05,FALSE,0.053,2.04853302715631,2.10573094442622,1000,20306987,5,rolling_v1|our_resampling|252|5|0.05|1|1000|1|TRUE|QS|20260821,ok,"",0.296999999991385
gfc_2005_2010,The global financial crisis period,173,gfc_2005_2010_w0173,2008-06-04,2009-06-03,2008-12-01,252,349,our_resampling,1,0.05,FALSE,0.067,2.00359151605311,2.26359445141373,1000,20307022,5,rolling_v1|our_resampling|252|5|0.05|1|1000|1|TRUE|QS|20260821,ok,"",0.296999999991385
gfc_2005_2010,The global financial crisis period,174,gfc_2005_2010_w0174,2008-06-11,2009-06-10,2008-12-08,252,349,our_resampling,1,0.05,TRUE,0.048,2.00456123989176,1.95619134366088,1000,20307057,5,rolling_v1|our_resampling|252|5|0.05|1|1000|1|TRUE|QS|20260821,ok,"",0.297000000005937
gfc_2005_2010,The global financial crisis period,175,gfc_2005_2010_w0175,2008-06-18,2009-06-17,2008-12-15,252,349,our_resampling,1,0.05,FALSE,0.076,1.93285019236806,2.42416517073763,1000,20307092,5,rolling_v1|our_resampling|252|5|0.05|1|1000|1|TRUE|QS|20260821,ok,"",0.296999999991385
gfc_2005_2010,The global financial crisis period,176,gfc_2005_2010_w0176,2008-06-25,2009-06-24,2008-12-22,252,349,our_resampling,1,0.05,FALSE,0.068,1.93782112693654,2.30525929259544,1000,20307127,5,rolling_v1|our_resampling|252|5|0.05|1|1000|1|TRUE|QS|20260821,ok,"",0.294999999998254
gfc_2005_2010,The global financial crisis period,177,gfc_2005_2010_w0177,2008-07-02,2009-07-01,2008-12-30,252,349,our_resampling,1,0.05,FALSE,0.062,1.9185040952896,2.14521885929416,1000,20307162,5,rolling_v1|our_resampling|252|5|0.05|1|1000|1|TRUE|QS|20260821,ok,"",0.297999999995227
gfc_2005_2010,The global financial crisis period,178,gfc_2005_2010_w0178,2008-07-10,2009-07-09,2009-01-07,252,349,our_resampling,1,0.05,FALSE,0.068,1.81232590883396,2.23785843091452,1000,20307197,5,rolling_v1|our_resampling|252|5|0.05|1|1000|1|TRUE|QS|20260821,ok,"",0.296000000002096
gfc_2005_2010,The global financial crisis period,179,gfc_2005_2010_w0179,2008-07-17,2009-07-16,2009-01-14,252,349,our_resampling,1,0.05,FALSE,0.069,1.82922408525602,2.17742541508549,1000,20307232,5,rolling_v1|our_resampling|252|5|0.05|1|1000|1|TRUE|QS|20260821,ok,"",0.299999999988358
gfc_2005_2010,The global financial crisis period,180,gfc_2005_2010_w0180,2008-07-24,2009-07-23,2009-01-22,252,349,our_resampling,1,0.05,FALSE,0.065,1.91912386075685,2.25488466974663,1000,20306951,5,rolling_v1|our_resampling|252|5|0.05|1|1000|1|TRUE|QS|20260821,ok,"",0.296000000002096
gfc_2005_2010,The global financial crisis period,181,gfc_2005_2010_w0181,2008-07-31,2009-07-30,2009-01-29,252,349,our_resampling,1,0.05,FALSE,0.072,1.84485831260711,2.51110730187022,1000,20306986,5,rolling_v1|our_resampling|252|5|0.05|1|1000|1|TRUE|QS|20260821,ok,"",0.295999999987544
gfc_2005_2010,The global financial crisis period,182,gfc_2005_2010_w0182,2008-08-07,2009-08-06,2009-02-05,252,349,our_resampling,1,0.05,FALSE,0.073,1.76841087389877,2.14842556682506,1000,20307021,5,rolling_v1|our_resampling|252|5|0.05|1|1000|1|TRUE|QS|20260821,ok,"",0.3009999999922
gfc_2005_2010,The global financial crisis period,183,gfc_2005_2010_w0183,2008-08-14,2009-08-13,2009-02-12,252,349,our_resampling,1,0.05,FALSE,0.06,1.78308609075348,1.91909633774043,1000,20307056,5,rolling_v1|our_resampling|252|5|0.05|1|1000|1|TRUE|QS|20260821,ok,"",0.296000000002096
gfc_2005_2010,The global financial crisis period,184,gfc_2005_2010_w0184,2008-08-21,2009-08-20,2009-02-20,252,349,our_resampling,1,0.05,FALSE,0.065,1.79919382984003,2.35174355738737,1000,20307091,5,rolling_v1|our_resampling|252|5|0.05|1|1000|1|TRUE|QS|20260821,ok,"",0.296000000002096
gfc_2005_2010,The global financial crisis period,185,gfc_2005_2010_w0185,2008-08-28,2009-08-27,2009-02-27,252,349,our_resampling,1,0.05,FALSE,0.068,1.75889280444215,2.14031573579316,1000,20307126,5,rolling_v1|our_resampling|252|5|0.05|1|1000|1|TRUE|QS|20260821,ok,"",0.296000000002096
gfc_2005_2010,The global financial crisis period,186,gfc_2005_2010_w0186,2008-09-05,2009-09-03,2009-03-06,252,349,our_resampling,1,0.05,FALSE,0.066,1.70167677983649,1.91378027246289,1000,20307161,5,rolling_v1|our_resampling|252|5|0.05|1|1000|1|TRUE|QS|20260821,ok,"",0.297000000005937
gfc_2005_2010,The global financial crisis period,187,gfc_2005_2010_w0187,2008-09-12,2009-09-11,2009-03-13,252,349,our_resampling,1,0.05,FALSE,0.081,1.63585799877696,2.13410589699682,1000,20307196,5,rolling_v1|our_resampling|252|5|0.05|1|1000|1|TRUE|QS|20260821,ok,"",0.296999999991385
gfc_2005_2010,The global financial crisis period,188,gfc_2005_2010_w0188,2008-09-19,2009-09-18,2009-03-20,252,349,our_resampling,1,0.05,FALSE,0.09,1.47989918766599,2.09616450598718,1000,20307231,5,rolling_v1|our_resampling|252|5|0.05|1|1000|1|TRUE|QS|20260821,ok,"",0.296999999991385
gfc_2005_2010,The global financial crisis period,189,gfc_2005_2010_w0189,2008-09-26,2009-09-25,2009-03-27,252,349,our_resampling,1,0.05,FALSE,0.105,1.35507800539563,2.46749213213047,1000,20307266,5,rolling_v1|our_resampling|252|5|0.05|1|1000|1|TRUE|QS|20260821,ok,"",0.305000000007567
gfc_2005_2010,The global financial crisis period,190,gfc_2005_2010_w0190,2008-10-03,2009-10-02,2009-04-03,252,349,our_resampling,1,0.05,FALSE,0.143,0.94878754287033,2.35748214583536,1000,20306985,5,rolling_v1|our_resampling|252|5|0.05|1|1000|1|TRUE|QS|20260821,ok,"",0.304000000003725
gfc_2005_2010,The global financial crisis period,191,gfc_2005_2010_w0191,2008-10-10,2009-10-09,2009-04-13,252,349,our_resampling,1,0.05,FALSE,0.108,1.40977156700382,2.72719154957614,1000,20307020,5,rolling_v1|our_resampling|252|5|0.05|1|1000|1|TRUE|QS|20260821,ok,"",0.297000000005937
gfc_2005_2010,The global financial crisis period,192,gfc_2005_2010_w0192,2008-10-17,2009-10-16,2009-04-20,252,349,our_resampling,1,0.05,FALSE,0.148,0.988503718123668,2.71476333793823,1000,20307055,5,rolling_v1|our_resampling|252|5|0.05|1|1000|1|TRUE|QS|20260821,ok,"",0.296999999991385
gfc_2005_2010,The global financial crisis period,193,gfc_2005_2010_w0193,2008-10-24,2009-10-23,2009-04-27,252,349,our_resampling,1,0.05,FALSE,0.181,1.07217200469388,3.40108878994089,1000,20307090,5,rolling_v1|our_resampling|252|5|0.05|1|1000|1|TRUE|QS|20260821,ok,"",0.296000000002096
gfc_2005_2010,The global financial crisis period,194,gfc_2005_2010_w0194,2008-10-31,2009-10-30,2009-05-04,252,349,our_resampling,1,0.05,FALSE,0.144,1.15116768718903,2.5881357952104,1000,20307125,5,rolling_v1|our_resampling|252|5|0.05|1|1000|1|TRUE|QS|20260821,ok,"",0.296999999991385
gfc_2005_2010,The global financial crisis period,195,gfc_2005_2010_w0195,2008-11-07,2009-11-06,2009-05-11,252,349,our_resampling,1,0.05,FALSE,0.156,1.12419805083397,2.99374286942654,1000,20307160,5,rolling_v1|our_resampling|252|5|0.05|1|1000|1|TRUE|QS|20260821,ok,"",0.303999999989173
gfc_2005_2010,The global financial crisis period,196,gfc_2005_2010_w0196,2008-11-14,2009-11-13,2009-05-18,252,349,our_resampling,1,0.05,FALSE,0.228,0.538907624802975,3.27993266797975,1000,20307195,5,rolling_v1|our_resampling|252|5|0.05|1|1000|1|TRUE|QS|20260821,ok,"",0.297000000005937
gfc_2005_2010,The global financial crisis period,197,gfc_2005_2010_w0197,2008-11-21,2009-11-20,2009-05-26,252,349,our_resampling,1,0.05,FALSE,0.118,1.31070744476131,2.55890479173168,1000,20307230,5,rolling_v1|our_resampling|252|5|0.05|1|1000|1|TRUE|QS|20260821,ok,"",0.30000000000291
gfc_2005_2010,The global financial crisis period,198,gfc_2005_2010_w0198,2008-12-01,2009-11-30,2009-06-02,252,349,our_resampling,1,0.05,TRUE,0.018,3.44112090420355,2.31415609845822,1000,20307265,5,rolling_v1|our_resampling|252|5|0.05|1|1000|1|TRUE|QS|20260821,ok,"",0.297999999995227
gfc_2005_2010,The global financial crisis period,199,gfc_2005_2010_w0199,2008-12-08,2009-12-07,2009-06-09,252,349,our_resampling,1,0.05,TRUE,0.033,3.16776546322201,2.57923780913844,1000,20307300,5,rolling_v1|our_resampling|252|5|0.05|1|1000|1|TRUE|QS|20260821,ok,"",0.304000000003725
gfc_2005_2010,The global financial crisis period,200,gfc_2005_2010_w0200,2008-12-15,2009-12-14,2009-06-16,252,349,our_resampling,1,0.05,TRUE,0.037,2.65999069621296,2.35601100789931,1000,20306712,5,rolling_v1|our_resampling|252|5|0.05|1|1000|1|TRUE|QS|20260821,ok,"",0.297000000005937
gfc_2005_2010,The global financial crisis period,201,gfc_2005_2010_w0201,2008-12-22,2009-12-21,2009-06-23,252,349,our_resampling,1,0.05,FALSE,0.053,2.3044065125887,2.43209142272886,1000,20306747,5,rolling_v1|our_resampling|252|5|0.05|1|1000|1|TRUE|QS|20260821,ok,"",0.296000000002096
gfc_2005_2010,The global financial crisis period,202,gfc_2005_2010_w0202,2008-12-30,2009-12-29,2009-06-30,252,349,our_resampling,1,0.05,TRUE,0.046,2.28213113998798,2.16739819833535,1000,20306782,5,rolling_v1|our_resampling|252|5|0.05|1|1000|1|TRUE|QS|20260821,ok,"",0.302999999999884
gfc_2005_2010,The global financial crisis period,203,gfc_2005_2010_w0203,2009-01-07,2010-01-06,2009-07-08,252,349,our_resampling,1,0.05,FALSE,0.067,2.34249160027379,2.82668876671384,1000,20306817,5,rolling_v1|our_resampling|252|5|0.05|1|1000|1|TRUE|QS|20260821,ok,"",0.304000000003725
gfc_2005_2010,The global financial crisis period,204,gfc_2005_2010_w0204,2009-01-14,2010-01-13,2009-07-15,252,349,our_resampling,1,0.05,FALSE,0.053,2.63612543040729,2.71908560916771,1000,20306852,5,rolling_v1|our_resampling|252|5|0.05|1|1000|1|TRUE|QS|20260821,ok,"",0.304000000003725
gfc_2005_2010,The global financial crisis period,205,gfc_2005_2010_w0205,2009-01-22,2010-01-21,2009-07-22,252,349,our_resampling,1,0.05,FALSE,0.134,1.39200638037927,2.46544731662247,1000,20306887,5,rolling_v1|our_resampling|252|5|0.05|1|1000|1|TRUE|QS|20260821,ok,"",0.296000000002096
gfc_2005_2010,The global financial crisis period,206,gfc_2005_2010_w0206,2009-01-29,2010-01-28,2009-07-29,252,349,our_resampling,1,0.05,FALSE,0.127,1.0471067385491,2.04351237705986,1000,20306922,5,rolling_v1|our_resampling|252|5|0.05|1|1000|1|TRUE|QS|20260821,ok,"",0.296999999991385
gfc_2005_2010,The global financial crisis period,207,gfc_2005_2010_w0207,2009-02-05,2010-02-04,2009-08-05,252,349,our_resampling,1,0.05,FALSE,0.105,1.38498292061097,2.31425551914363,1000,20306957,5,rolling_v1|our_resampling|252|5|0.05|1|1000|1|TRUE|QS|20260821,ok,"",0.297000000005937
gfc_2005_2010,The global financial crisis period,208,gfc_2005_2010_w0208,2009-02-12,2010-02-11,2009-08-12,252,349,our_resampling,1,0.05,FALSE,0.131,1.2734837266777,2.38447879989818,1000,20306992,5,rolling_v1|our_resampling|252|5|0.05|1|1000|1|TRUE|QS|20260821,ok,"",0.301999999996042
gfc_2005_2010,The global financial crisis period,209,gfc_2005_2010_w0209,2009-02-20,2010-02-19,2009-08-19,252,349,our_resampling,1,0.05,FALSE,0.097,1.5533524704774,2.30140080692678,1000,20307027,5,rolling_v1|our_resampling|252|5|0.05|1|1000|1|TRUE|QS|20260821,ok,"",0.296999999991385
gfc_2005_2010,The global financial crisis period,210,gfc_2005_2010_w0210,2009-02-27,2010-02-26,2009-08-26,252,349,our_resampling,1,0.05,FALSE,0.148,1.12689925440384,2.59459058842692,1000,20306746,5,rolling_v1|our_resampling|252|5|0.05|1|1000|1|TRUE|QS|20260821,ok,"",0.296000000002096
gfc_2005_2010,The global financial crisis period,211,gfc_2005_2010_w0211,2009-03-06,2010-03-05,2009-09-02,252,349,our_resampling,1,0.05,FALSE,0.075,2.11335944605191,2.68339639263239,1000,20306781,5,rolling_v1|our_resampling|252|5|0.05|1|1000|1|TRUE|QS|20260821,ok,"",0.296999999991385
gfc_2005_2010,The global financial crisis period,212,gfc_2005_2010_w0212,2009-03-13,2010-03-12,2009-09-10,252,349,our_resampling,1,0.05,FALSE,0.056,3.42166357973586,3.60353213008221,1000,20306816,5,rolling_v1|our_resampling|252|5|0.05|1|1000|1|TRUE|QS|20260821,ok,"",0.301000000006752
gfc_2005_2010,The global financial crisis period,213,gfc_2005_2010_w0213,2009-03-20,2010-03-19,2009-09-17,252,349,our_resampling,1,0.05,TRUE,0.029,4.0786422401694,3.13857874244389,1000,20306851,5,rolling_v1|our_resampling|252|5|0.05|1|1000|1|TRUE|QS|20260821,ok,"",0.297000000005937
gfc_2005_2010,The global financial crisis period,214,gfc_2005_2010_w0214,2009-03-27,2010-03-26,2009-09-24,252,349,our_resampling,1,0.05,FALSE,0.065,2.32408774500508,2.58638227213727,1000,20306886,5,rolling_v1|our_resampling|252|5|0.05|1|1000|1|TRUE|QS|20260821,ok,"",0.296000000002096
gfc_2005_2010,The global financial crisis period,215,gfc_2005_2010_w0215,2009-04-03,2010-04-05,2009-10-01,252,349,our_resampling,1,0.05,TRUE,0.038,3.24745510257633,2.77718352976326,1000,20306921,5,rolling_v1|our_resampling|252|5|0.05|1|1000|1|TRUE|QS|20260821,ok,"",0.296000000002096
gfc_2005_2010,The global financial crisis period,216,gfc_2005_2010_w0216,2009-04-13,2010-04-12,2009-10-08,252,349,our_resampling,1,0.05,TRUE,0.009,6.28949204802692,3.01710486958866,1000,20306956,5,rolling_v1|our_resampling|252|5|0.05|1|1000|1|TRUE|QS|20260821,ok,"",0.298000000009779
gfc_2005_2010,The global financial crisis period,217,gfc_2005_2010_w0217,2009-04-20,2010-04-19,2009-10-15,252,349,our_resampling,1,0.05,TRUE,0.013,4.6404674336075,2.62077936426339,1000,20306991,5,rolling_v1|our_resampling|252|5|0.05|1|1000|1|TRUE|QS|20260821,ok,"",0.299999999988358
gfc_2005_2010,The global financial crisis period,218,gfc_2005_2010_w0218,2009-04-27,2010-04-26,2009-10-22,252,349,our_resampling,1,0.05,TRUE,0.039,2.45316855888515,2.09826198706505,1000,20307026,5,rolling_v1|our_resampling|252|5|0.05|1|1000|1|TRUE|QS|20260821,ok,"",0.304000000003725
gfc_2005_2010,The global financial crisis period,219,gfc_2005_2010_w0219,2009-05-04,2010-05-03,2009-10-29,252,349,our_resampling,1,0.05,FALSE,0.058,2.0124232129196,2.08213624117695,1000,20307061,5,rolling_v1|our_resampling|252|5|0.05|1|1000|1|TRUE|QS|20260821,ok,"",0.298999999999069
gfc_2005_2010,The global financial crisis period,220,gfc_2005_2010_w0220,2009-05-11,2010-05-10,2009-11-05,252,349,our_resampling,1,0.05,FALSE,0.139,1.02654977513746,2.29825778214947,1000,20306780,5,rolling_v1|our_resampling|252|5|0.05|1|1000|1|TRUE|QS|20260821,ok,"",0.296000000002096
gfc_2005_2010,The global financial crisis period,221,gfc_2005_2010_w0221,2009-05-18,2010-05-17,2009-11-12,252,349,our_resampling,1,0.05,FALSE,0.224,0.317996402027289,1.72352600855504,1000,20306815,5,rolling_v1|our_resampling|252|5|0.05|1|1000|1|TRUE|QS|20260821,ok,"",0.320999999996275
gfc_2005_2010,The global financial crisis period,222,gfc_2005_2010_w0222,2009-05-26,2010-05-24,2009-11-19,252,349,our_resampling,1,0.05,FALSE,0.188,0.530551460364527,1.87584706162437,1000,20306850,5,rolling_v1|our_resampling|252|5|0.05|1|1000|1|TRUE|QS|20260821,ok,"",0.296000000002096
gfc_2005_2010,The global financial crisis period,223,gfc_2005_2010_w0223,2009-06-02,2010-06-01,2009-11-27,252,349,our_resampling,1,0.05,FALSE,0.228,0.279279270745979,1.68386661225998,1000,20306885,5,rolling_v1|our_resampling|252|5|0.05|1|1000|1|TRUE|QS|20260821,ok,"",0.320999999996275
gfc_2005_2010,The global financial crisis period,224,gfc_2005_2010_w0224,2009-06-09,2010-06-08,2009-12-04,252,349,our_resampling,1,0.05,FALSE,0.281,0.120573108831238,1.84025283205713,1000,20306920,5,rolling_v1|our_resampling|252|5|0.05|1|1000|1|TRUE|QS|20260821,ok,"",0.298000000009779
gfc_2005_2010,The global financial crisis period,225,gfc_2005_2010_w0225,2009-06-16,2010-06-15,2009-12-11,252,349,our_resampling,1,0.05,FALSE,0.192,0.474105064298905,1.86229941577807,1000,20306955,5,rolling_v1|our_resampling|252|5|0.05|1|1000|1|TRUE|QS|20260821,ok,"",0.297000000005937
gfc_2005_2010,The global financial crisis period,226,gfc_2005_2010_w0226,2009-06-23,2010-06-22,2009-12-18,252,349,our_resampling,1,0.05,FALSE,0.244,0.295931579373021,1.90693671890914,1000,20306990,5,rolling_v1|our_resampling|252|5|0.05|1|1000|1|TRUE|QS|20260821,ok,"",0.299000000013621
gfc_2005_2010,The global financial crisis period,227,gfc_2005_2010_w0227,2009-06-30,2010-06-29,2009-12-28,252,349,our_resampling,1,0.05,FALSE,0.26,0.233494069125132,1.86456683372127,1000,20307025,5,rolling_v1|our_resampling|252|5|0.05|1|1000|1|TRUE|QS|20260821,ok,"",0.301999999996042
gfc_2005_2010,The global financial crisis period,228,gfc_2005_2010_w0228,2009-07-08,2010-07-07,2010-01-05,252,349,our_resampling,1,0.05,FALSE,0.314,0.0519542753938222,1.85513620824362,1000,20307060,5,rolling_v1|our_resampling|252|5|0.05|1|1000|1|TRUE|QS|20260821,ok,"",0.297000000005937
gfc_2005_2010,The global financial crisis period,229,gfc_2005_2010_w0229,2009-07-15,2010-07-14,2010-01-12,252,349,our_resampling,1,0.05,FALSE,0.358,-0.0804173959302283,2.20255179624844,1000,20307095,5,rolling_v1|our_resampling|252|5|0.05|1|1000|1|TRUE|QS|20260821,ok,"",0.295999999987544
gfc_2005_2010,The global financial crisis period,230,gfc_2005_2010_w0230,2009-07-22,2010-07-21,2010-01-20,252,349,our_resampling,1,0.05,FALSE,0.38,-0.096340062492193,2.0470331061285,1000,20306814,5,rolling_v1|our_resampling|252|5|0.05|1|1000|1|TRUE|QS|20260821,ok,"",0.30000000000291
gfc_2005_2010,The global financial crisis period,231,gfc_2005_2010_w0231,2009-07-29,2010-07-28,2010-01-27,252,349,our_resampling,1,0.05,FALSE,0.34,-0.0370276979942488,2.00652592139898,1000,20306849,5,rolling_v1|our_resampling|252|5|0.05|1|1000|1|TRUE|QS|20260821,ok,"",0.307000000000699
gfc_2005_2010,The global financial crisis period,232,gfc_2005_2010_w0232,2009-08-05,2010-08-04,2010-02-03,252,349,our_resampling,1,0.05,FALSE,0.271,0.145022393252421,1.96121737314308,1000,20306884,5,rolling_v1|our_resampling|252|5|0.05|1|1000|1|TRUE|QS|20260821,ok,"",0.296999999991385
gfc_2005_2010,The global financial crisis period,233,gfc_2005_2010_w0233,2009-08-12,2010-08-11,2010-02-10,252,349,our_resampling,1,0.05,FALSE,0.318,0.0114256214832635,2.02276683604303,1000,20306919,5,rolling_v1|our_resampling|252|5|0.05|1|1000|1|TRUE|QS|20260821,ok,"",0.298000000009779
gfc_2005_2010,The global financial crisis period,234,gfc_2005_2010_w0234,2009-08-19,2010-08-18,2010-02-18,252,349,our_resampling,1,0.05,FALSE,0.395,-0.100893772793003,2.19648395924426,1000,20306954,5,rolling_v1|our_resampling|252|5|0.05|1|1000|1|TRUE|QS|20260821,ok,"",0.297000000005937
gfc_2005_2010,The global financial crisis period,235,gfc_2005_2010_w0235,2009-08-26,2010-08-25,2010-02-25,252,349,our_resampling,1,0.05,FALSE,0.362,-0.0861771187973067,2.28341479654527,1000,20306989,5,rolling_v1|our_resampling|252|5|0.05|1|1000|1|TRUE|QS|20260821,ok,"",0.297000000005937
gfc_2005_2010,The global financial crisis period,236,gfc_2005_2010_w0236,2009-09-02,2010-09-01,2010-03-04,252,349,our_resampling,1,0.05,FALSE,0.22,0.366219189450215,1.8139141025046,1000,20307024,5,rolling_v1|our_resampling|252|5|0.05|1|1000|1|TRUE|QS|20260821,ok,"",0.296000000002096
gfc_2005_2010,The global financial crisis period,237,gfc_2005_2010_w0237,2009-09-10,2010-09-09,2010-03-11,252,349,our_resampling,1,0.05,FALSE,0.201,0.397134847574581,1.61674232495926,1000,20307059,5,rolling_v1|our_resampling|252|5|0.05|1|1000|1|TRUE|QS|20260821,ok,"",0.297000000005937
gfc_2005_2010,The global financial crisis period,238,gfc_2005_2010_w0238,2009-09-17,2010-09-16,2010-03-18,252,349,our_resampling,1,0.05,FALSE,0.202,0.451450695180372,1.78905193359483,1000,20307094,5,rolling_v1|our_resampling|252|5|0.05|1|1000|1|TRUE|QS|20260821,ok,"",0.297000000005937
gfc_2005_2010,The global financial crisis period,239,gfc_2005_2010_w0239,2009-09-24,2010-09-23,2010-03-25,252,349,our_resampling,1,0.05,FALSE,0.22,0.403026645758482,1.89787192870188,1000,20307129,5,rolling_v1|our_resampling|252|5|0.05|1|1000|1|TRUE|QS|20260821,ok,"",0.297000000005937
gfc_2005_2010,The global financial crisis period,240,gfc_2005_2010_w0240,2009-10-01,2010-09-30,2010-04-01,252,349,our_resampling,1,0.05,FALSE,0.17,0.608187814334604,1.81379924637101,1000,20306848,5,rolling_v1|our_resampling|252|5|0.05|1|1000|1|TRUE|QS|20260821,ok,"",0.296000000002096
gfc_2005_2010,The global financial crisis period,241,gfc_2005_2010_w0241,2009-10-08,2010-10-07,2010-04-09,252,349,our_resampling,1,0.05,FALSE,0.123,1.04575963253875,2.18647440791557,1000,20306883,5,rolling_v1|our_resampling|252|5|0.05|1|1000|1|TRUE|QS|20260821,ok,"",0.299999999988358
gfc_2005_2010,The global financial crisis period,242,gfc_2005_2010_w0242,2009-10-15,2010-10-14,2010-04-16,252,349,our_resampling,1,0.05,FALSE,0.111,1.06837038798184,1.88892621092327,1000,20306918,5,rolling_v1|our_resampling|252|5|0.05|1|1000|1|TRUE|QS|20260821,ok,"",0.296999999991385
gfc_2005_2010,The global financial crisis period,243,gfc_2005_2010_w0243,2009-10-22,2010-10-21,2010-04-23,252,349,our_resampling,1,0.05,FALSE,0.125,0.986577092753815,1.95143782688545,1000,20306953,5,rolling_v1|our_resampling|252|5|0.05|1|1000|1|TRUE|QS|20260821,ok,"",0.296999999991385
gfc_2005_2010,The global financial crisis period,244,gfc_2005_2010_w0244,2009-10-29,2010-10-28,2010-04-30,252,349,our_resampling,1,0.05,FALSE,0.12,0.910441902721521,1.90187903626317,1000,20306988,5,rolling_v1|our_resampling|252|5|0.05|1|1000|1|TRUE|QS|20260821,ok,"",0.296000000002096
gfc_2005_2010,The global financial crisis period,245,gfc_2005_2010_w0245,2009-11-05,2010-11-04,2010-05-07,252,349,our_resampling,1,0.05,FALSE,0.285,0.204325763242963,1.73040474782017,1000,20307023,5,rolling_v1|our_resampling|252|5|0.05|1|1000|1|TRUE|QS|20260821,ok,"",0.299999999988358
gfc_2005_2010,The global financial crisis period,246,gfc_2005_2010_w0246,2009-11-12,2010-11-11,2010-05-14,252,349,our_resampling,1,0.05,FALSE,0.28,0.237072212631931,1.84106641869891,1000,20307058,5,rolling_v1|our_resampling|252|5|0.05|1|1000|1|TRUE|QS|20260821,ok,"",0.297000000005937
gfc_2005_2010,The global financial crisis period,247,gfc_2005_2010_w0247,2009-11-19,2010-11-18,2010-05-21,252,349,our_resampling,1,0.05,FALSE,0.212,0.328616651839272,1.72204192514636,1000,20307093,5,rolling_v1|our_resampling|252|5|0.05|1|1000|1|TRUE|QS|20260821,ok,"",0.309000000008382
gfc_2005_2010,The global financial crisis period,248,gfc_2005_2010_w0248,2009-11-27,2010-11-26,2010-05-28,252,349,our_resampling,1,0.05,FALSE,0.277,0.216540949787316,1.86319136735585,1000,20307128,5,rolling_v1|our_resampling|252|5|0.05|1|1000|1|TRUE|QS|20260821,ok,"",0.298000000009779
gfc_2005_2010,The global financial crisis period,249,gfc_2005_2010_w0249,2009-12-04,2010-12-03,2010-06-07,252,349,our_resampling,1,0.05,FALSE,0.326,0.00303486320539445,2.15763291349316,1000,20307163,5,rolling_v1|our_resampling|252|5|0.05|1|1000|1|TRUE|QS|20260821,ok,"",0.319000000003143
gfc_2005_2010,The global financial crisis period,250,gfc_2005_2010_w0250,2009-12-11,2010-12-10,2010-06-14,252,349,our_resampling,1,0.05,FALSE,0.327,-0.0242215310603308,1.78855071257968,1000,20306882,5,rolling_v1|our_resampling|252|5|0.05|1|1000|1|TRUE|QS|20260821,ok,"",0.305999999996857
gfc_2005_2010,The global financial crisis period,251,gfc_2005_2010_w0251,2009-12-18,2010-12-17,2010-06-21,252,349,our_resampling,1,0.05,FALSE,0.369,-0.116747077406578,1.95387517043135,1000,20306917,5,rolling_v1|our_resampling|252|5|0.05|1|1000|1|TRUE|QS|20260821,ok,"",0.330999999991036
gfc_2005_2010,The global financial crisis period,252,gfc_2005_2010_w0252,2009-12-28,2010-12-27,2010-06-28,252,349,our_resampling,1,0.05,FALSE,0.358,-0.0688123284764411,2.00522609902237,1000,20306952,5,rolling_v1|our_resampling|252|5|0.05|1|1000|1|TRUE|QS|20260821,ok,"",0.3009999999922
