period_id,period_label,window_index,window_id,row_start,row_end,window_start,window_end,window_mid,n_window
gfc_2005_2010,The global financial crisis period,1,gfc_2005_2010_w0001,1,252,2005-01-03,2005-12-30,2005-07-01,252
gfc_2005_2010,The global financial crisis period,2,gfc_2005_2010_w0002,6,257,2005-01-10,2006-01-09,2005-07-11,252
gfc_2005_2010,The global financial crisis period,3,gfc_2005_2010_w0003,11,262,2005-01-18,2006-01-17,2005-07-18,252
gfc_2005_2010,The global financial crisis period,4,gfc_2005_2010_w0004,16,267,2005-01-25,2006-01-24,2005-07-25,252
gfc_2005_2010,The global financial crisis period,5,gfc_2005_2010_w0005,21,272,2005-02-01,2006-01-31,2005-08-01,252
gfc_2005_2010,The global financial crisis period,6,gfc_2005_2010_w0006,26,277,2005-02-08,2006-02-07,2005-08-08,252
gfc_2005_2010,The global financial crisis period,7,gfc_2005_2010_w0007,31,282,2005-02-15,2006-02-14,2005-08-15,252
gfc_2005_2010,The global financial crisis period,8,gfc_2005_2010_w0008,36,287,2005-02-23,2006-02-22,2005-08-22,252
gfc_2005_2010,The global financial crisis period,9,gfc_2005_2010_w0009,41,292,2005-03-02,2006-03-01,2005-08-29,252
gfc_2005_2010,The global financial crisis period,10,gfc_2005_2010_w0010,46,297,2005-03-09,2006-03-08,2005-09-06,252
gfc_2005_2010,The global financial crisis period,11,gfc_2005_2010_w0011,51,302,2005-03-16,2006-03-15,2005-09-13,252
gfc_2005_2010,The global financial crisis period,12,gfc_2005_2010_w0012,56,307,2005-03-23,2006-03-22,2005-09-20,252
gfc_2005_2010,The global financial crisis period,13,gfc_2005_2010_w0013,61,312,2005-03-31,2006-03-29,2005-09-27,252
gfc_2005_2010,The global financial crisis period,14,gfc_2005_2010_w0014,66,317,2005-04-07,2006-04-05,2005-10-04,252
gfc_2005_2010,The global financial crisis period,15,gfc_2005_2010_w0015,71,322,2005-04-14,2006-04-12,2005-10-11,252
gfc_2005_2010,The global financial crisis period,16,gfc_2005_2010_w0016,76,327,2005-04-21,2006-04-20,2005-10-18,252
gfc_2005_2010,The global financial crisis period,17,gfc_2005_2010_w0017,81,332,2005-04-28,2006-04-27,2005-10-25,252
gfc_2005_2010,The global financial crisis period,18,gfc_2005_2010_w0018,86,337,2005-05-05,2006-05-04,2005-11-01,252
gfc_2005_2010,The global financial crisis period,19,gfc_2005_2010_w0019,91,342,2005-05-12,2006-05-11,2005-11-08,252
gfc_2005_2010,The global financial crisis period,20,gfc_2005_2010_w0020,96,347,2005-05-19,2006-05-18,2005-11-15,252
gfc_2005_2010,The global financial crisis period,21,gfc_2005_2010_w0021,101,352,2005-05-26,2006-05-25,2005-11-22,252
gfc_2005_2010,The global financial crisis period,22,gfc_2005_2010_w0022,106,357,2005-06-03,2006-06-02,2005-11-30,252
gfc_2005_2010,The global financial crisis period,23,gfc_2005_2010_w0023,111,362,2005-06-10,2006-06-09,2005-12-07,252
gfc_2005_2010,The global financial crisis period,24,gfc_2005_2010_w0024,116,367,2005-06-17,2006-06-16,2005-12-14,252
gfc_2005_2010,The global financial crisis period,25,gfc_2005_2010_w0025,121,372,2005-06-24,2006-06-23,2005-12-21,252
gfc_2005_2010,The global financial crisis period,26,gfc_2005_2010_w0026,126,377,2005-07-01,2006-06-30,2005-12-29,252
gfc_2005_2010,The global financial crisis period,27,gfc_2005_2010_w0027,131,382,2005-07-11,2006-07-10,2006-01-06,252
gfc_2005_2010,The global financial crisis period,28,gfc_2005_2010_w0028,136,387,2005-07-18,2006-07-17,2006-01-13,252
gfc_2005_2010,The global financial crisis period,29,gfc_2005_2010_w0029,141,392,2005-07-25,2006-07-24,2006-01-23,252
gfc_2005_2010,The global financial crisis period,30,gfc_2005_2010_w0030,146,397,2005-08-01,2006-07-31,2006-01-30,252
gfc_2005_2010,The global financial crisis period,31,gfc_2005_2010_w0031,151,402,2005-08-08,2006-08-07,2006-02-06,252
gfc_2005_2010,The global financial crisis period,32,gfc_2005_2010_w0032,156,407,2005-08-15,2006-08-14,2006-02-13,252
gfc_2005_2010,The global financial crisis period,33,gfc_2005_2010_w0033,161,412,2005-08-22,2006-08-21,2006-02-21,252
gfc_2005_2010,The global financial crisis period,34,gfc_2005_2010_w0034,166,417,2005-08-29,2006-08-28,2006-02-28,252
gfc_2005_2010,The global financial crisis period,35,gfc_2005_2010_w0035,171,422,2005-09-06,2006-09-05,2006-03-07,252
gfc_2005_2010,The global financial crisis period,36,gfc_2005_2010_w0036,176,427,2005-09-13,2006-09-12,2006-03-14,252
gfc_2005_2010,The global financial crisis period,37,gfc_2005_2010_w0037,181,432,2005-09-20,2006-09-19,2006-03-21,252
gfc_2005_2010,The global financial crisis period,38,gfc_2005_2010_w0038,186,437,2005-09-27,2006-09-26,2006-03-28,252
gfc_2005_2010,The global financial crisis period,39,gfc_2005_2010_w0039,191,442,2005-10-04,2006-10-03,2006-04-04,252
gfc_2005_2010,The global financial crisis period,40,gfc_2005_2010_w0040,196,447,2005-10-11,2006-10-10,2006-04-11,252
gfc_2005_2010,The global financial crisis period,41,gfc_2005_2010_w0041,201,452,2005-10-18,2006-10-17,2006-04-19,252
gfc_2005_2010,The global financial crisis period,42,gfc_2005_2010_w0042,206,457,2005-10-25,2006-10-24,2006-04-26,252
gfc_2005_2010,The global financial crisis period,43,gfc_2005_2010_w0043,211,462,2005-11-01,2006-10-31,2006-05-03,252
gfc_2005_2010,The global financial crisis period,44,gfc_2005_2010_w0044,216,467,2005-11-08,2006-11-07,2006-05-10,252
gfc_2005_2010,The global financial crisis period,45,gfc_2005_2010_w0045,221,472,2005-11-15,2006-11-14,2006-05-17,252
gfc_2005_2010,The global financial crisis period,46,gfc_2005_2010_w0046,226,477,2005-11-22,2006-11-21,2006-05-24,252
gfc_2005_2010,The global financial crisis period,47,gfc_2005_2010_w0047,231,482,2005-11-30,2006-11-29,2006-06-01,252
gfc_2005_2010,The global financial crisis period,48,gfc_2005_2010_w0048,236,487,2005-12-07,2006-12-06,2006-06-08,252
gfc_2005_2010,The global financial crisis period,49,gfc_2005_2010_w0049,241,492,2005-12-14,2006-12-13,2006-06-15,252
gfc_2005_2010,The global financial crisis period,50,gfc_2005_2010_w0050,246,497,2005-12-21,2006-12-20,2006-06-22,252
gfc_2005_2010,The global financial crisis period,51,gfc_2005_2010_w0051,251,502,2005-12-29,2006-12-28,2006-06-29,252
gfc_2005_2010,The global financial crisis period,52,gfc_2005_2010_w0052,256,507,2006-01-06,2007-01-08,2006-07-07,252
gfc_2005_2010,The global financial crisis period,53,gfc_2005_2010_w0053,261,512,2006-01-13,2007-01-16,2006-07-14,252
gfc_2005_2010,The global financial crisis period,54,gfc_2005_2010_w0054,266,517,2006-01-23,2007-01-23,2006-07-21,252
gfc_2005_2010,The global financial crisis period,55,gfc_2005_2010_w0055,271,522,2006-01-30,2007-01-30,2006-07-28,252
gfc_2005_2010,The global financial crisis period,56,gfc_2005_2010_w0056,276,527,2006-02-06,2007-02-06,2006-08-04,252
gfc_2005_2010,The global financial crisis period,57,gfc_2005_2010_w0057,281,532,2006-02-13,2007-02-13,2006-08-11,252
gfc_2005_2010,The global financial crisis period,58,gfc_2005_2010_w0058,286,537,2006-02-21,2007-02-21,2006-08-18,252
gfc_2005_2010,The global financial crisis period,59,gfc_2005_2010_w0059,291,542,2006-02-28,2007-02-28,2006-08-25,252
gfc_2005_2010,The global financial crisis period,60,gfc_2005_2010_w0060,296,547,2006-03-07,2007-03-07,2006-09-01,252
gfc_2005_2010,The global financial crisis period,61,gfc_2005_2010_w0061,301,552,2006-03-14,2007-03-14,2006-09-11,252
gfc_2005_2010,The global financial crisis period,62,gfc_2005_2010_w0062,306,557,2006-03-21,2007-03-21,2006-09-18,252
gfc_2005_2010,The global financial crisis period,63,gfc_2005_2010_w0063,311,562,2006-03-28,2007-03-28,2006-09-25,252
gfc_2005_2010,The global financial crisis period,64,gfc_2005_2010_w0064,316,567,2006-04-04,2007-04-04,2006-10-02,252
gfc_2005_2010,The global financial crisis period,65,gfc_2005_2010_w0065,321,572,2006-04-11,2007-04-12,2006-10-09,252
gfc_2005_2010,The global financial crisis period,66,gfc_2005_2010_w0066,326,577,2006-04-19,2007-04-19,2006-10-16,252
gfc_2005_2010,The global financial crisis period,67,gfc_2005_2010_w0067,331,582,2006-04-26,2007-04-26,2006-10-23,252
gfc_2005_2010,The global financial crisis period,68,gfc_2005_2010_w0068,336,587,2006-05-03,2007-05-03,2006-10-30,252
gfc_2005_2010,The global financial crisis period,69,gfc_2005_2010_w0069,341,592,2006-05-10,2007-05-10,2006-11-06,252
gfc_2005_2010,The global financial crisis period,70,gfc_2005_2010_w0070,346,597,2006-05-17,2007-05-17,2006-11-13,252
gfc_2005_2010,The global financial crisis period,71,gfc_2005_2010_w0071,351,602,2006-05-24,2007-05-24,2006-11-20,252
gfc_2005_2010,The global financial crisis period,72,gfc_2005_2010_w0072,356,607,2006-06-01,2007-06-01,2006-11-28,252
gfc_2005_2010,The global financial crisis period,73,gfc_2005_2010_w0073,361,612,2006-06-08,2007-06-08,2006-12-05,252
gfc_2005_2010,The global financial crisis period,74,gfc_2005_2010_w0074,366,617,2006-06-15,2007-06-15,2006-12-12,252
gfc_2005_2010,The global financial crisis period,75,gfc_2005_2010_w0075,371,622,2006-06-22,2007-06-22,2006-12-19,252
gfc_2005_2010,The global financial crisis period,76,gfc_2005_2010_w0076,376,627,2006-06-29,2007-06-29,2006-12-27,252
gfc_2005_2010,The global financial crisis period,77,gfc_2005_2010_w0077,381,632,2006-07-07,2007-07-09,2007-01-05,252
gfc_2005_2010,The global financial crisis period,78,gfc_2005_2010_w0078,386,637,2006-07-14,2007-07-16,2007-01-12,252
gfc_2005_2010,The global financial crisis period,79,gfc_2005_2010_w0079,391,642,2006-07-21,2007-07-23,2007-01-22,252
gfc_2005_2010,The global financial crisis period,80,gfc_2005_2010_w0080,396,647,2006-07-28,2007-07-30,2007-01-29,252
gfc_2005_2010,The global financial crisis period,81,gfc_2005_2010_w0081,401,652,2006-08-04,2007-08-06,2007-02-05,252
gfc_2005_2010,The global financial crisis period,82,gfc_2005_2010_w0082,406,657,2006-08-11,2007-08-13,2007-02-12,252
gfc_2005_2010,The global financial crisis period,83,gfc_2005_2010_w0083,411,662,2006-08-18,2007-08-20,2007-02-20,252
gfc_2005_2010,The global financial crisis period,84,gfc_2005_2010_w0084,416,667,2006-08-25,2007-08-27,2007-02-27,252
gfc_2005_2010,The global financial crisis period,85,gfc_2005_2010_w0085,421,672,2006-09-01,2007-09-04,2007-03-06,252
gfc_2005_2010,The global financial crisis period,86,gfc_2005_2010_w0086,426,677,2006-09-11,2007-09-11,2007-03-13,252
gfc_2005_2010,The global financial crisis period,87,gfc_2005_2010_w0087,431,682,2006-09-18,2007-09-18,2007-03-20,252
gfc_2005_2010,The global financial crisis period,88,gfc_2005_2010_w0088,436,687,2006-09-25,2007-09-25,2007-03-27,252
gfc_2005_2010,The global financial crisis period,89,gfc_2005_2010_w0089,441,692,2006-10-02,2007-10-02,2007-04-03,252
gfc_2005_2010,The global financial crisis period,90,gfc_2005_2010_w0090,446,697,2006-10-09,2007-10-09,2007-04-11,252
gfc_2005_2010,The global financial crisis period,91,gfc_2005_2010_w0091,451,702,2006-10-16,2007-10-16,2007-04-18,252
gfc_2005_2010,The global financial crisis period,92,gfc_2005_2010_w0092,456,707,2006-10-23,2007-10-23,2007-04-25,252
gfc_2005_2010,The global financial crisis period,93,gfc_2005_2010_w0093,461,712,2006-10-30,2007-10-30,2007-05-02,252
gfc_2005_2010,The global financial crisis period,94,gfc_2005_2010_w0094,466,717,2006-11-06,2007-11-06,2007-05-09,252
gfc_2005_2010,The global financial crisis period,95,gfc_2005_2010_w0095,471,722,2006-11-13,2007-11-13,2007-05-16,252
gfc_2005_2010,The global financial crisis period,96,gfc_2005_2010_w0096,476,727,2006-11-20,2007-11-20,2007-05-23,252
gfc_2005_2010,The global financial crisis period,97,gfc_2005_2010_w0097,481,732,2006-11-28,2007-11-28,2007-05-31,252
gfc_2005_2010,The global financial crisis period,98,gfc_2005_2010_w0098,486,737,2006-12-05,2007-12-05,2007-06-07,252
gfc_2005_2010,The global financial crisis period,99,gfc_2005_2010_w0099,491,742,2006-12-12,2007-12-12,2007-06-14,252
gfc_2005_2010,The global financial crisis period,100,gfc_2005_2010_w0100,496,747,2006-12-19,2007-12-19,2007-06-21,252
gfc_2005_2010,The global financial crisis period,101,gfc_2005_2010_w0101,501,752,2006-12-27,2007-12-27,2007-06-28,252
gfc_2005_2010,The global financial crisis period,102,gfc_2005_2010_w0102,506,757,2007-01-05,2008-01-04,2007-07-06,252
gfc_2005_2010,The global financial crisis period,103,gfc_2005_2010_w0103,511,762,2007-01-12,2008-01-11,2007-07-13,252
gfc_2005_2010,The global financial crisis period,104,gfc_2005_2010_w0104,516,767,2007-01-22,2008-01-18,2007-07-20,252
gfc_2005_2010,The global financial crisis period,105,gfc_2005_2010_w0105,521,772,2007-01-29,2008-01-28,2007-07-27,252
gfc_2005_2010,The global financial crisis period,106,gfc_2005_2010_w0106,526,777,2007-02-05,2008-02-04,2007-08-03,252
gfc_2005_2010,The global financial crisis period,107,gfc_2005_2010_w0107,531,782,2007-02-12,2008-02-11,2007-08-10,252
gfc_2005_2010,The global financial crisis period,108,gfc_2005_2010_w0108,536,787,2007-02-20,2008-02-19,2007-08-17,252
gfc_2005_2010,The global financial crisis period,109,gfc_2005_2010_w0109,541,792,2007-02-27,2008-02-26,2007-08-24,252
gfc_2005_2010,The global financial crisis period,110,gfc_2005_2010_w0110,546,797,2007-03-06,2008-03-04,2007-08-31,252
gfc_2005_2010,The global financial crisis period,111,gfc_2005_2010_w0111,551,802,2007-03-13,2008-03-11,2007-09-10,252
gfc_2005_2010,The global financial crisis period,112,gfc_2005_2010_w0112,556,807,2007-03-20,2008-03-18,2007-09-17,252
gfc_2005_2010,The global financial crisis period,113,gfc_2005_2010_w0113,561,812,2007-03-27,2008-03-26,2007-09-24,252
gfc_2005_2010,The global financial crisis period,114,gfc_2005_2010_w0114,566,817,2007-04-03,2008-04-02,2007-10-01,252
gfc_2005_2010,The global financial crisis period,115,gfc_2005_2010_w0115,571,822,2007-04-11,2008-04-09,2007-10-08,252
gfc_2005_2010,The global financial crisis period,116,gfc_2005_2010_w0116,576,827,2007-04-18,2008-04-16,2007-10-15,252
gfc_2005_2010,The global financial crisis period,117,gfc_2005_2010_w0117,581,832,2007-04-25,2008-04-23,2007-10-22,252
gfc_2005_2010,The global financial crisis period,118,gfc_2005_2010_w0118,586,837,2007-05-02,2008-04-30,2007-10-29,252
gfc_2005_2010,The global financial crisis period,119,gfc_2005_2010_w0119,591,842,2007-05-09,2008-05-07,2007-11-05,252
gfc_2005_2010,The global financial crisis period,120,gfc_2005_2010_w0120,596,847,2007-05-16,2008-05-14,2007-11-12,252
gfc_2005_2010,The global financial crisis period,121,gfc_2005_2010_w0121,601,852,2007-05-23,2008-05-21,2007-11-19,252
gfc_2005_2010,The global financial crisis period,122,gfc_2005_2010_w0122,606,857,2007-05-31,2008-05-29,2007-11-27,252
gfc_2005_2010,The global financial crisis period,123,gfc_2005_2010_w0123,611,862,2007-06-07,2008-06-05,2007-12-04,252
gfc_2005_2010,The global financial crisis period,124,gfc_2005_2010_w0124,616,867,2007-06-14,2008-06-12,2007-12-11,252
gfc_2005_2010,The global financial crisis period,125,gfc_2005_2010_w0125,621,872,2007-06-21,2008-06-19,2007-12-18,252
gfc_2005_2010,The global financial crisis period,126,gfc_2005_2010_w0126,626,877,2007-06-28,2008-06-26,2007-12-26,252
gfc_2005_2010,The global financial crisis period,127,gfc_2005_2010_w0127,631,882,2007-07-06,2008-07-03,2008-01-03,252
gfc_2005_2010,The global financial crisis period,128,gfc_2005_2010_w0128,636,887,2007-07-13,2008-07-11,2008-01-10,252
gfc_2005_2010,The global financial crisis period,129,gfc_2005_2010_w0129,641,892,2007-07-20,2008-07-18,2008-01-17,252
gfc_2005_2010,The global financial crisis period,130,gfc_2005_2010_w0130,646,897,2007-07-27,2008-07-25,2008-01-25,252
gfc_2005_2010,The global financial crisis period,131,gfc_2005_2010_w0131,651,902,2007-08-03,2008-08-01,2008-02-01,252
gfc_2005_2010,The global financial crisis period,132,gfc_2005_2010_w0132,656,907,2007-08-10,2008-08-08,2008-02-08,252
gfc_2005_2010,The global financial crisis period,133,gfc_2005_2010_w0133,661,912,2007-08-17,2008-08-15,2008-02-15,252
gfc_2005_2010,The global financial crisis period,134,gfc_2005_2010_w0134,666,917,2007-08-24,2008-08-22,2008-02-25,252
gfc_2005_2010,The global financial crisis period,135,gfc_2005_2010_w0135,671,922,2007-08-31,2008-08-29,2008-03-03,252
gfc_2005_2010,The global financial crisis period,136,gfc_2005_2010_w0136,676,927,2007-09-10,2008-09-08,2008-03-10,252
gfc_2005_2010,The global financial crisis period,137,gfc_2005_2010_w0137,681,932,2007-09-17,2008-09-15,2008-03-17,252
gfc_2005_2010,The global financial crisis period,138,gfc_2005_2010_w0138,686,937,2007-09-24,2008-09-22,2008-03-25,252
gfc_2005_2010,The global financial crisis period,139,gfc_2005_2010_w0139,691,942,2007-10-01,2008-09-29,2008-04-01,252
gfc_2005_2010,The global financial crisis period,140,gfc_2005_2010_w0140,696,947,2007-10-08,2008-10-06,2008-04-08,252
gfc_2005_2010,The global financial crisis period,141,gfc_2005_2010_w0141,701,952,2007-10-15,2008-10-13,2008-04-15,252
gfc_2005_2010,The global financial crisis period,142,gfc_2005_2010_w0142,706,957,2007-10-22,2008-10-20,2008-04-22,252
gfc_2005_2010,The global financial crisis period,143,gfc_2005_2010_w0143,711,962,2007-10-29,2008-10-27,2008-04-29,252
gfc_2005_2010,The global financial crisis period,144,gfc_2005_2010_w0144,716,967,2007-11-05,2008-11-03,2008-05-06,252
gfc_2005_2010,The global financial crisis period,145,gfc_2005_2010_w0145,721,972,2007-11-12,2008-11-10,2008-05-13,252
gfc_2005_2010,The global financial crisis period,146,gfc_2005_2010_w0146,726,977,2007-11-19,2008-11-17,2008-05-20,252
gfc_2005_2010,The global financial crisis period,147,gfc_2005_2010_w0147,731,982,2007-11-27,2008-11-24,2008-05-28,252
gfc_2005_2010,The global financial crisis period,148,gfc_2005_2010_w0148,736,987,2007-12-04,2008-12-02,2008-06-04,252
gfc_2005_2010,The global financial crisis period,149,gfc_2005_2010_w0149,741,992,2007-12-11,2008-12-09,2008-06-11,252
gfc_2005_2010,The global financial crisis period,150,gfc_2005_2010_w0150,746,997,2007-12-18,2008-12-16,2008-06-18,252
gfc_2005_2010,The global financial crisis period,151,gfc_2005_2010_w0151,751,1002,2007-12-26,2008-12-23,2008-06-25,252
gfc_2005_2010,The global financial crisis period,152,gfc_2005_2010_w0152,756,1007,2008-01-03,2008-12-31,2008-07-02,252
gfc_2005_2010,The global financial crisis period,153,gfc_2005_2010_w0153,761,1012,2008-01-10,2009-01-08,2008-07-10,252
gfc_2005_2010,The global financial crisis period,154,gfc_2005_2010_w0154,766,1017,2008-01-17,2009-01-15,2008-07-17,252
gfc_2005_2010,The global financial crisis period,155,gfc_2005_2010_w0155,771,1022,2008-01-25,2009-01-23,2008-07-24,252
gfc_2005_2010,The global financial crisis period,156,gfc_2005_2010_w0156,776,1027,2008-02-01,2009-01-30,2008-07-31,252
gfc_2005_2010,The global financial crisis period,157,gfc_2005_2010_w0157,781,1032,2008-02-08,2009-02-06,2008-08-07,252
gfc_2005_2010,The global financial crisis period,158,gfc_2005_2010_w0158,786,1037,2008-02-15,2009-02-13,2008-08-14,252
gfc_2005_2010,The global financial crisis period,159,gfc_2005_2010_w0159,791,1042,2008-02-25,2009-02-23,2008-08-21,252
gfc_2005_2010,The global financial crisis period,160,gfc_2005_2010_w0160,796,1047,2008-03-03,2009-03-02,2008-08-28,252
gfc_2005_2010,The global financial crisis period,161,gfc_2005_2010_w0161,801,1052,2008-03-10,2009-03-09,2008-09-05,252
gfc_2005_2010,The global financial crisis period,162,gfc_2005_2010_w0162,806,1057,2008-03-17,2009-03-16,2008-09-12,252
gfc_2005_2010,The global financial crisis period,163,gfc_2005_2010_w0163,811,1062,2008-03-25,2009-03-23,2008-09-19,252
gfc_2005_2010,The global financial crisis period,164,gfc_2005_2010_w0164,816,1067,2008-04-01,2009-03-30,2008-09-26,252
gfc_2005_2010,The global financial crisis period,165,gfc_2005_2010_w0165,821,1072,2008-04-08,2009-04-06,2008-10-03,252
gfc_2005_2010,The global financial crisis period,166,gfc_2005_2010_w0166,826,1077,2008-04-15,2009-04-14,2008-10-10,252
gfc_2005_2010,The global financial crisis period,167,gfc_2005_2010_w0167,831,1082,2008-04-22,2009-04-21,2008-10-17,252
gfc_2005_2010,The global financial crisis period,168,gfc_2005_2010_w0168,836,1087,2008-04-29,2009-04-28,2008-10-24,252
gfc_2005_2010,The global financial crisis period,169,gfc_2005_2010_w0169,841,1092,2008-05-06,2009-05-05,2008-10-31,252
gfc_2005_2010,The global financial crisis period,170,gfc_2005_2010_w0170,846,1097,2008-05-13,2009-05-12,2008-11-07,252
gfc_2005_2010,The global financial crisis period,171,gfc_2005_2010_w0171,851,1102,2008-05-20,2009-05-19,2008-11-14,252
gfc_2005_2010,The global financial crisis period,172,gfc_2005_2010_w0172,856,1107,2008-05-28,2009-05-27,2008-11-21,252
gfc_2005_2010,The global financial crisis period,173,gfc_2005_2010_w0173,861,1112,2008-06-04,2009-06-03,2008-12-01,252
gfc_2005_2010,The global financial crisis period,174,gfc_2005_2010_w0174,866,1117,2008-06-11,2009-06-10,2008-12-08,252
gfc_2005_2010,The global financial crisis period,175,gfc_2005_2010_w0175,871,1122,2008-06-18,2009-06-17,2008-12-15,252
gfc_2005_2010,The global financial crisis period,176,gfc_2005_2010_w0176,876,1127,2008-06-25,2009-06-24,2008-12-22,252
gfc_2005_2010,The global financial crisis period,177,gfc_2005_2010_w0177,881,1132,2008-07-02,2009-07-01,2008-12-30,252
gfc_2005_2010,The global financial crisis period,178,gfc_2005_2010_w0178,886,1137,2008-07-10,2009-07-09,2009-01-07,252
gfc_2005_2010,The global financial crisis period,179,gfc_2005_2010_w0179,891,1142,2008-07-17,2009-07-16,2009-01-14,252
gfc_2005_2010,The global financial crisis period,180,gfc_2005_2010_w0180,896,1147,2008-07-24,2009-07-23,2009-01-22,252
gfc_2005_2010,The global financial crisis period,181,gfc_2005_2010_w0181,901,1152,2008-07-31,2009-07-30,2009-01-29,252
gfc_2005_2010,The global financial crisis period,182,gfc_2005_2010_w0182,906,1157,2008-08-07,2009-08-06,2009-02-05,252
gfc_2005_2010,The global financial crisis period,183,gfc_2005_2010_w0183,911,1162,2008-08-14,2009-08-13,2009-02-12,252
gfc_2005_2010,The global financial crisis period,184,gfc_2005_2010_w0184,916,1167,2008-08-21,2009-08-20,2009-02-20,252
gfc_2005_2010,The global financial crisis period,185,gfc_2005_2010_w0185,921,1172,2008-08-28,2009-08-27,2009-02-27,252
gfc_2005_2010,The global financial crisis period,186,gfc_2005_2010_w0186,926,1177,2008-09-05,2009-09-03,2009-03-06,252
gfc_2005_2010,The global financial crisis period,187,gfc_2005_2010_w0187,931,1182,2008-09-12,2009-09-11,2009-03-13,252
gfc_2005_2010,The global financial crisis period,188,gfc_2005_2010_w0188,936,1187,2008-09-19,2009-09-18,2009-03-20,252
gfc_2005_2010,The global financial crisis period,189,gfc_2005_2010_w0189,941,1192,2008-09-26,2009-09-25,2009-03-27,252
gfc_2005_2010,The global financial crisis period,190,gfc_2005_2010_w0190,946,1197,2008-10-03,2009-10-02,2009-04-03,252
gfc_2005_2010,The global financial crisis period,191,gfc_2005_2010_w0191,951,1202,2008-10-10,2009-10-09,2009-04-13,252
gfc_2005_2010,The global financial crisis period,192,gfc_2005_2010_w0192,956,1207,2008-10-17,2009-10-16,2009-04-20,252
gfc_2005_2010,The global financial crisis period,193,gfc_2005_2010_w0193,961,1212,2008-10-24,2009-10-23,2009-04-27,252
gfc_2005_2010,The global financial crisis period,194,gfc_2005_2010_w0194,966,1217,2008-10-31,2009-10-30,2009-05-04,252
gfc_2005_2010,The global financial crisis period,195,gfc_2005_2010_w0195,971,1222,2008-11-07,2009-11-06,2009-05-11,252
gfc_2005_2010,The global financial crisis period,196,gfc_2005_2010_w0196,976,1227,2008-11-14,2009-11-13,2009-05-18,252
gfc_2005_2010,The global financial crisis period,197,gfc_2005_2010_w0197,981,1232,2008-11-21,2009-11-20,2009-05-26,252
gfc_2005_2010,The global financial crisis period,198,gfc_2005_2010_w0198,986,1237,2008-12-01,2009-11-30,2009-06-02,252
gfc_2005_2010,The global financial crisis period,199,gfc_2005_2010_w0199,991,1242,2008-12-08,2009-12-07,2009-06-09,252
gfc_2005_2010,The global financial crisis period,200,gfc_2005_2010_w0200,996,1247,2008-12-15,2009-12-14,2009-06-16,252
gfc_2005_2010,The global financial crisis period,201,gfc_2005_2010_w0201,1001,1252,2008-12-22,2009-12-21,2009-06-23,252
gfc_2005_2010,The global financial crisis period,202,gfc_2005_2010_w0202,1006,1257,2008-12-30,2009-12-29,2009-06-30,252
gfc_2005_2010,The global financial crisis period,203,gfc_2005_2010_w0203,1011,1262,2009-01-07,2010-01-06,2009-07-08,252
gfc_2005_2010,The global financial crisis period,204,gfc_2005_2010_w0204,1016,1267,2009-01-14,2010-01-13,2009-07-15,252
gfc_2005_2010,The global financial crisis period,205,gfc_2005_2010_w0205,1021,1272,2009-01-22,2010-01-21,2009-07-22,252
gfc_2005_2010,The global financial crisis period,206,gfc_2005_2010_w0206,1026,1277,2009-01-29,2010-01-28,2009-07-29,252
gfc_2005_2010,The global financial crisis period,207,gfc_2005_2010_w0207,1031,1282,2009-02-05,2010-02-04,2009-08-05,252
gfc_2005_2010,The global financial crisis period,208,gfc_2005_2010_w0208,1036,1287,2009-02-12,2010-02-11,2009-08-12,252
gfc_2005_2010,The global financial crisis period,209,gfc_2005_2010_w0209,1041,1292,2009-02-20,2010-02-19,2009-08-19,252
gfc_2005_2010,The global financial crisis period,210,gfc_2005_2010_w0210,1046,1297,2009-02-27,2010-02-26,2009-08-26,252
gfc_2005_2010,The global financial crisis period,211,gfc_2005_2010_w0211,1051,1302,2009-03-06,2010-03-05,2009-09-02,252
gfc_2005_2010,The global financial crisis period,212,gfc_2005_2010_w0212,1056,1307,2009-03-13,2010-03-12,2009-09-10,252
gfc_2005_2010,The global financial crisis period,213,gfc_2005_2010_w0213,1061,1312,2009-03-20,2010-03-19,2009-09-17,252
gfc_2005_2010,The global financial crisis period,214,gfc_2005_2010_w0214,1066,1317,2009-03-27,2010-03-26,2009-09-24,252
gfc_2005_2010,The global financial crisis period,215,gfc_2005_2010_w0215,1071,1322,2009-04-03,2010-04-05,2009-10-01,252
gfc_2005_2010,The global financial crisis period,216,gfc_2005_2010_w0216,1076,1327,2009-04-13,2010-04-12,2009-10-08,252
gfc_2005_2010,The global financial crisis period,217,gfc_2005_2010_w0217,1081,1332,2009-04-20,2010-04-19,2009-10-15,252
gfc_2005_2010,The global financial crisis period,218,gfc_2005_2010_w0218,1086,1337,2009-04-27,2010-04-26,2009-10-22,252
gfc_2005_2010,The global financial crisis period,219,gfc_2005_2010_w0219,1091,1342,2009-05-04,2010-05-03,2009-10-29,252
gfc_2005_2010,The global financial crisis period,220,gfc_2005_2010_w0220,1096,1347,2009-05-11,2010-05-10,2009-11-05,252
gfc_2005_2010,The global financial crisis period,221,gfc_2005_2010_w0221,1101,1352,2009-05-18,2010-05-17,2009-11-12,252
gfc_2005_2010,The global financial crisis period,222,gfc_2005_2010_w0222,1106,1357,2009-05-26,2010-05-24,2009-11-19,252
gfc_2005_2010,The global financial crisis period,223,gfc_2005_2010_w0223,1111,1362,2009-06-02,2010-06-01,2009-11-27,252
gfc_2005_2010,The global financial crisis period,224,gfc_2005_2010_w0224,1116,1367,2009-06-09,2010-06-08,2009-12-04,252
gfc_2005_2010,The global financial crisis period,225,gfc_2005_2010_w0225,1121,1372,2009-06-16,2010-06-15,2009-12-11,252
gfc_2005_2010,The global financial crisis period,226,gfc_2005_2010_w0226,1126,1377,2009-06-23,2010-06-22,2009-12-18,252
gfc_2005_2010,The global financial crisis period,227,gfc_2005_2010_w0227,1131,1382,2009-06-30,2010-06-29,2009-12-28,252
gfc_2005_2010,The global financial crisis period,228,gfc_2005_2010_w0228,1136,1387,2009-07-08,2010-07-07,2010-01-05,252
gfc_2005_2010,The global financial crisis period,229,gfc_2005_2010_w0229,1141,1392,2009-07-15,2010-07-14,2010-01-12,252
gfc_2005_2010,The global financial crisis period,230,gfc_2005_2010_w0230,1146,1397,2009-07-22,2010-07-21,2010-01-20,252
gfc_2005_2010,The global financial crisis period,231,gfc_2005_2010_w0231,1151,1402,2009-07-29,2010-07-28,2010-01-27,252
gfc_2005_2010,The global financial crisis period,232,gfc_2005_2010_w0232,1156,1407,2009-08-05,2010-08-04,2010-02-03,252
gfc_2005_2010,The global financial crisis period,233,gfc_2005_2010_w0233,1161,1412,2009-08-12,2010-08-11,2010-02-10,252
gfc_2005_2010,The global financial crisis period,234,gfc_2005_2010_w0234,1166,1417,2009-08-19,2010-08-18,2010-02-18,252
gfc_2005_2010,The global financial crisis period,235,gfc_2005_2010_w0235,1171,1422,2009-08-26,2010-08-25,2010-02-25,252
gfc_2005_2010,The global financial crisis period,236,gfc_2005_2010_w0236,1176,1427,2009-09-02,2010-09-01,2010-03-04,252
gfc_2005_2010,The global financial crisis period,237,gfc_2005_2010_w0237,1181,1432,2009-09-10,2010-09-09,2010-03-11,252
gfc_2005_2010,The global financial crisis period,238,gfc_2005_2010_w0238,1186,1437,2009-09-17,2010-09-16,2010-03-18,252
gfc_2005_2010,The global financial crisis period,239,gfc_2005_2010_w0239,1191,1442,2009-09-24,2010-09-23,2010-03-25,252
gfc_2005_2010,The global financial crisis period,240,gfc_2005_2010_w0240,1196,1447,2009-10-01,2010-09-30,2010-04-01,252
gfc_2005_2010,The global financial crisis period,241,gfc_2005_2010_w0241,1201,1452,2009-10-08,2010-10-07,2010-04-09,252
gfc_2005_2010,The global financial crisis period,242,gfc_2005_2010_w0242,1206,1457,2009-10-15,2010-10-14,2010-04-16,252
gfc_2005_2010,The global financial crisis period,243,gfc_2005_2010_w0243,1211,1462,2009-10-22,2010-10-21,2010-04-23,252
gfc_2005_2010,The global financial crisis period,244,gfc_2005_2010_w0244,1216,1467,2009-10-29,2010-10-28,2010-04-30,252
gfc_2005_2010,The global financial crisis period,245,gfc_2005_2010_w0245,1221,1472,2009-11-05,2010-11-04,2010-05-07,252
gfc_2005_2010,The global financial crisis period,246,gfc_2005_2010_w0246,1226,1477,2009-11-12,2010-11-11,2010-05-14,252
gfc_2005_2010,The global financial crisis period,247,gfc_2005_2010_w0247,1231,1482,2009-11-19,2010-11-18,2010-05-21,252
gfc_2005_2010,The global financial crisis period,248,gfc_2005_2010_w0248,1236,1487,2009-11-27,2010-11-26,2010-05-28,252
gfc_2005_2010,The global financial crisis period,249,gfc_2005_2010_w0249,1241,1492,2009-12-04,2010-12-03,2010-06-07,252
gfc_2005_2010,The global financial crisis period,250,gfc_2005_2010_w0250,1246,1497,2009-12-11,2010-12-10,2010-06-14,252
gfc_2005_2010,The global financial crisis period,251,gfc_2005_2010_w0251,1251,1502,2009-12-18,2010-12-17,2010-06-21,252
gfc_2005_2010,The global financial crisis period,252,gfc_2005_2010_w0252,1256,1507,2009-12-28,2010-12-27,2010-06-28,252
