PERMNO,membership_start,membership_end,continuous_membership,n_dates,n_finite_returns,start_cap,start_ticker,start_exchange,complete_panel
10078,1992-08-20,2010-01-28,FALSE,1276,1276,17260869.71,SUNW,Q,FALSE
10104,1989-08-03,2025-12-31,TRUE,1511,1511,70065453.06,ORCL,Q,TRUE
10107,1994-06-07,2025-12-31,TRUE,1511,1511,290937136.28,MSFT,Q,TRUE
10108,2002-07-22,2005-08-11,FALSE,154,154,8102831.55,SDS,N,FALSE
10137,2000-12-11,2011-02-25,TRUE,1511,1511,2657314.88,AYE,N,TRUE
10138,1999-10-13,2025-12-31,TRUE,1511,1511,7991629.28,TROW,Q,TRUE
10145,1925-12-31,2025-12-31,TRUE,1511,1511,30363930.4,HON,N,TRUE
10147,1996-03-28,2016-09-07,TRUE,1511,1511,35297189.67,EMC,N,TRUE
10225,1925-12-31,2014-04-30,TRUE,1511,1511,11013289.2,FO,N,TRUE
10299,2000-04-03,2017-03-10,TRUE,1511,1511,11748207.81,LLTC,Q,TRUE
10324,2001-12-14,2011-04-01,TRUE,1511,1511,14297283.75,GENZ,Q,TRUE
10401,1957-03-01,2005-11-18,FALSE,224,224,14970295.89,T,N,FALSE
10516,1981-07-30,2025-12-31,TRUE,1511,1511,14373105.48,ADM,N,TRUE
10562,2004-07-01,2009-01-29,FALSE,1026,1025,7773858.96,SOV,N,FALSE
10696,2001-04-02,2025-12-31,TRUE,1511,1511,7773844.98,FISV,Q,TRUE
10874,1973-03-01,2008-06-20,FALSE,873,873,4672482.57,BC,N,FALSE
10890,1954-04-20,2008-11-10,FALSE,972,972,3359310,UIS,N,FALSE
10909,2010-04-30,2022-06-07,FALSE,171,171,,,,FALSE
10942,1999-10-27,2007-01-31,FALSE,523,523,4597408.78,CMVT,Q,FALSE
11081,1996-09-06,2013-10-28,TRUE,1511,1511,103819064.16,DELL,Q,TRUE
11308,1957-03-01,2025-12-31,TRUE,1511,1511,100503371.44,KO,N,TRUE
11404,1925-12-31,2025-12-31,TRUE,1511,1511,10479249.5,ED,N,TRUE
11415,2006-02-27,2008-12-22,FALSE,712,712,,,,FALSE
11552,2006-11-06,2019-11-20,FALSE,1046,1046,,,,FALSE
11600,2008-11-14,2024-04-02,FALSE,536,536,,,,FALSE
11607,1957-03-01,2006-03-02,FALSE,293,293,2546515,DCN,N,FALSE
11618,2008-09-15,2025-12-31,FALSE,580,580,,,,FALSE
11674,1925-12-31,2025-12-31,TRUE,1511,1511,7438444.08,DTE,N,TRUE
11703,1957-03-01,2017-08-31,TRUE,1511,1511,53061143.2,DD,N,TRUE
11754,1925-12-31,2010-12-17,FALSE,1502,1502,9311333.92,EK,N,FALSE
11762,1957-03-01,2025-12-31,TRUE,1511,1511,10804647,ETN,N,TRUE
11850,1925-12-31,2025-12-31,TRUE,1511,1511,323145416.64,XOM,N,TRUE
11896,2000-05-10,2007-09-26,FALSE,688,688,13483528.05,MXIM,Q,FALSE
11955,1998-07-17,2025-12-31,TRUE,1511,1511,16894998.9,WMI,N,TRUE
11970,2000-06-01,2007-02-14,FALSE,533,533,4038719.74,APCC,Q,FALSE
11976,1998-10-01,2013-09-10,TRUE,1511,1511,4017349.3,BMC,N,TRUE
12052,1957-03-01,2025-12-31,TRUE,1511,1511,20433381.76,GD,N,TRUE
12060,1957-03-01,2025-12-31,TRUE,1511,1511,386834346.47,GE,N,TRUE
12062,2004-11-01,2025-12-31,TRUE,1511,1511,6736817.1,LH,N,TRUE
12067,2000-06-19,2012-06-04,TRUE,1511,1511,3824741.56,NVLS,Q,TRUE
12073,2008-11-13,2022-04-01,FALSE,537,537,,,,FALSE
12079,1925-12-31,2009-06-02,FALSE,1111,1111,22762487.8,GM,N,FALSE
12140,1957-03-01,2012-07-30,TRUE,1511,1511,3829610.4,GR,N,TRUE
12431,1957-03-01,2025-12-31,FALSE,1162,1162,13582597.05,IR,N,FALSE
12490,1957-03-01,2025-12-31,TRUE,1511,1511,162724131.75,IBM,N,TRUE
12503,1925-12-31,2006-12-19,FALSE,496,496,3064707.03,NAV,N,FALSE
12570,1957-03-01,2011-10-31,TRUE,1511,1511,7696635.03,ITT,N,TRUE
13100,1944-06-07,2005-08-29,FALSE,166,166,8502632.32,MAY,N,FALSE
13119,1960-12-14,2006-03-31,FALSE,314,314,1648568.2,MYG,N,FALSE
13688,1925-12-31,2019-01-17,TRUE,1511,1511,13311253.54,PCG,N,TRUE
13821,1940-04-15,2007-02-21,FALSE,537,537,1639953.84,PGL,N,FALSE
13856,1957-03-01,2025-12-31,TRUE,1511,1511,87491891.2,PEP,N,TRUE
13901,1957-03-01,2025-12-31,TRUE,1511,1511,124447864.77,MO,N,TRUE
13928,1957-03-01,2025-12-31,TRUE,1511,1511,58055497.63,COP,N,TRUE
14008,1992-01-02,2025-12-31,TRUE,1511,1511,80992800,AMGN,Q,TRUE
14277,1965-03-04,2025-12-31,TRUE,1511,1511,37826737.75,SLB,N,TRUE
14322,1925-12-31,2005-03-24,FALSE,57,57,10671654,S,N,FALSE
14323,1984-11-23,2006-09-29,FALSE,440,440,2173419,ANDW,Q,FALSE
14541,1925-12-31,2025-12-31,TRUE,1511,1511,107837350.8,CVX,N,TRUE
14593,1982-11-18,2025-12-31,TRUE,1511,1511,25603906.21,AAPL,Q,TRUE
14656,1969-03-06,2012-10-04,TRUE,1511,1511,5676040.12,SUN,N,TRUE
14702,1995-03-16,2025-12-31,TRUE,1511,1511,28244732.7,AMAT,Q,TRUE
14891,1957-03-01,2005-08-10,FALSE,153,153,10993070.37,UCL,N,FALSE
15069,1925-12-31,2024-11-25,TRUE,1511,1511,12677384.28,MRO,N,TRUE
15077,1987-04-09,2009-01-05,FALSE,1009,1009,7916265.12,UST,N,FALSE
15202,1999-07-01,2025-12-31,TRUE,1511,1511,5450153.76,VMC,N,TRUE
15472,1957-03-01,2008-10-06,FALSE,947,947,13005949.94,WWY,N,FALSE
15560,1973-03-01,2011-06-30,TRUE,1511,1511,5181969,RSH,N,TRUE
15579,1959-03-25,2025-12-31,TRUE,1511,1511,41781226.5,TXN,N,TRUE
15667,1957-03-01,2009-10-15,FALSE,1206,1206,56770039.8,WYE,N,FALSE
15720,1925-12-31,2025-12-31,TRUE,1511,1511,10347757.36,EIX,N,TRUE
16424,1960-10-26,2005-09-30,FALSE,189,189,44338939.26,G,N,FALSE
16432,1925-12-31,2019-02-26,TRUE,1511,1511,2613072.6,GT,N,TRUE
16600,1957-03-01,2025-12-31,TRUE,1511,1511,10069700.76,HSY,N,TRUE
16678,1957-03-01,2025-12-31,TRUE,1511,1511,12556801.25,KR,N,TRUE
17005,1957-03-01,2025-12-31,TRUE,1511,1511,18002925,CVS,N,TRUE
17144,1969-02-13,2025-12-31,TRUE,1511,1511,18628406.1,GIS,N,TRUE
17279,2008-06-11,2015-06-11,FALSE,646,646,,,,FALSE
17478,1957-03-01,2025-12-31,TRUE,1511,1511,17100495,MHP,N,TRUE
17750,1957-03-01,2025-12-31,TRUE,1511,1511,31482713.3,KMB,N,TRUE
17806,1957-03-01,2007-03-19,FALSE,555,555,9145738.6,PD,N,FALSE
17830,1957-03-01,2025-12-31,TRUE,1511,1511,52637429,UTX,N,TRUE
18016,1957-03-01,2008-11-13,FALSE,975,975,1640301.9,HPC,N,FALSE
18092,1990-08-23,2007-07-11,FALSE,634,634,10511404.8,BMET,Q,FALSE
18163,1957-03-01,2025-12-31,TRUE,1511,1511,139999534.77,PG,N,TRUE
18403,1957-03-01,2013-11-29,TRUE,1511,1511,11829717.68,JCP,N,TRUE
18411,1944-06-07,2025-12-31,TRUE,1511,1511,24404230.8,SO,N,TRUE
18542,1957-03-01,2025-12-31,TRUE,1511,1511,32441306.52,CAT,N,TRUE
18729,1957-03-01,2025-12-31,TRUE,1511,1511,26524855.7,CL,N,TRUE
19166,2009-08-19,2025-03-21,FALSE,346,346,,,,FALSE
19350,1957-03-01,2025-12-31,TRUE,1511,1511,18078324.88,DE,N,TRUE
19393,1957-03-01,2025-12-31,TRUE,1511,1511,49476786.01,BMY,N,TRUE
19502,1979-10-11,2025-08-27,TRUE,1511,1511,41267512.02,WAG,N,TRUE
19561,1957-03-01,2025-12-31,TRUE,1511,1511,42794259.09,BA,N,TRUE
19583,2008-08-21,2025-12-31,FALSE,596,596,,,,FALSE
20053,1997-11-28,2007-12-31,FALSE,754,754,8828150.01,SNV,N,FALSE
20220,1976-01-15,2010-03-12,FALSE,1307,1307,7084935,BDK,N,FALSE
20415,2007-08-27,2019-09-25,FALSE,845,845,,,,FALSE
20482,1957-03-01,2025-12-31,TRUE,1511,1511,72683484.64,ABT,N,TRUE
20626,1954-04-20,2017-08-31,TRUE,1511,1511,46639296.2,DOW,N,TRUE
21178,1984-07-19,2025-12-31,TRUE,1511,1511,23997465.96,LMT,N,TRUE
21186,1957-03-01,2024-07-05,TRUE,1511,1511,6784722,MWV,N,TRUE
21207,1969-05-15,2025-12-31,TRUE,1511,1511,17277034.32,NEM,N,TRUE
21371,1997-05-27,2025-12-31,TRUE,1511,1511,24706105.68,CAH,N,TRUE
21573,1925-12-31,2025-12-31,TRUE,1511,1511,20441519.87,IP,N,TRUE
21776,1944-06-07,2025-12-31,TRUE,1511,1511,28641993.27,EXC,N,TRUE
21792,1985-07-25,2025-12-31,TRUE,1511,1511,3404931.6,CNP,N,TRUE
21936,1957-03-01,2025-12-31,TRUE,1511,1511,199194817.75,PFE,N,TRUE
21979,1957-03-01,2009-09-08,FALSE,1179,1179,6116870.4,CBE,N,FALSE
22032,2004-12-20,2007-09-06,FALSE,674,674,5914206.72,CBSS,Q,FALSE
22103,1965-01-07,2025-12-31,TRUE,1511,1511,28835244.9,EMR,N,TRUE
22111,1973-05-31,2025-12-31,TRUE,1511,1511,186669965.4,JNJ,N,TRUE
22293,1957-03-01,2025-12-31,TRUE,1511,1511,16420218.69,GLW,N,TRUE
22509,1957-03-01,2025-12-31,TRUE,1511,1511,11559804.25,PPG,N,TRUE
22517,1995-11-27,2025-12-31,TRUE,1511,1511,10024950.29,PPL,N,TRUE
22592,1957-03-01,2025-12-31,TRUE,1511,1511,64151201.6,MMM,N,TRUE
22752,1957-03-01,2025-12-31,TRUE,1511,1511,69321707.1,MRK,N,TRUE
22779,1957-03-01,2025-12-31,TRUE,1511,1511,41531580.52,MOT,N,TRUE
22840,1981-09-10,2012-06-28,TRUE,1511,1511,18827663.87,SLE,N,TRUE
22947,1994-10-25,2006-03-31,FALSE,314,314,7415558.82,CIN,N,FALSE
23026,1957-07-10,2025-12-31,TRUE,1511,1511,12979046.6,FE,N,TRUE
23077,1957-03-01,2013-06-06,TRUE,1511,1511,13512045.72,HNZ,N,TRUE
23085,2009-01-02,2018-12-31,FALSE,504,504,,,,FALSE
23114,1989-08-24,2012-06-29,TRUE,1511,1511,11080102.8,PGN,N,TRUE
23229,1999-05-03,2025-12-31,TRUE,1511,1511,2023203.14,CMS,N,TRUE
23309,1970-04-23,2007-10-24,FALSE,708,708,8774393.71,HLT,N,FALSE
23318,2000-11-24,2006-04-19,FALSE,326,326,6168842.78,CHIR,Q,FALSE
23473,1997-12-18,2025-12-31,TRUE,1511,1511,7423150,CINF,Q,TRUE
23501,2007-11-09,2016-03-29,FALSE,792,792,,,,FALSE
23536,2008-10-31,2025-12-31,FALSE,546,546,,,,FALSE
23579,1978-10-05,2025-12-31,TRUE,1511,1511,9945518.72,TXT,N,TRUE
23660,2001-03-01,2025-12-31,TRUE,1511,1511,7411607.84,CTAS,Q,TRUE
23712,1948-07-07,2025-12-31,TRUE,1511,1511,12115400.5,PEG,N,TRUE
23819,1957-03-01,2025-12-31,TRUE,1511,1511,16803889.5,HAL,N,TRUE
23887,2001-02-27,2017-03-17,TRUE,1511,1511,4511815.95,CZN,N,TRUE
23915,1964-02-20,2005-12-19,FALSE,244,244,9558838.72,GP,N,FALSE
23931,1949-07-06,2025-12-31,TRUE,1511,1511,7214126.8,XEL,N,TRUE
23990,1982-09-16,2009-04-01,FALSE,1069,1069,9866066.96,ROH,N,FALSE
24010,1957-03-01,2025-12-31,TRUE,1511,1511,14854565.25,ETR,N,TRUE
24046,1997-09-02,2008-07-30,FALSE,900,900,18869433.1,CCU,N,FALSE
24109,1951-09-06,2025-12-31,TRUE,1511,1511,13460285.16,AEP,N,TRUE
24205,1976-07-01,2025-12-31,TRUE,1511,1511,13715027.1,FPL,N,TRUE
24221,1957-03-01,2012-03-13,TRUE,1511,1511,7658398.15,CEG,N,TRUE
24272,1989-08-03,2008-11-13,FALSE,975,975,4140923.96,ASH,N,FALSE
24328,2008-12-19,2018-11-12,FALSE,512,512,,,,FALSE
24360,2000-08-21,2007-08-24,FALSE,666,666,6269667.84,KSE,N,FALSE
24459,1957-03-01,2017-02-28,TRUE,1511,1511,10562396,PBI,N,TRUE
24563,1957-03-01,2007-10-09,FALSE,697,697,18464992,TXU,N,FALSE
24643,1957-03-01,2025-12-31,TRUE,1511,1511,26976144.21,AA,N,TRUE
24766,1985-06-13,2025-12-31,TRUE,1511,1511,19046930.3,NOC,N,TRUE
24942,1957-03-01,2020-04-03,TRUE,1511,1511,17200806.9,RTN,N,TRUE
24985,1991-09-20,2025-12-31,TRUE,1511,1511,9581187,AEE,N,TRUE
25013,1957-03-01,2009-11-03,FALSE,1219,1219,31001640.1,SGP,N,FALSE
25081,1995-12-01,2024-06-21,TRUE,1511,1511,10306940.8,CMA,N,TRUE
25099,2007-02-22,2015-06-30,FALSE,974,974,,,,FALSE
25232,2010-03-15,2025-12-31,FALSE,204,204,,,,FALSE
25320,1957-03-01,2025-12-31,TRUE,1511,1511,12224506.31,CPB,N,TRUE
25419,1959-04-01,2024-03-15,TRUE,1511,1511,4586646.25,WHR,N,TRUE
25487,1995-05-01,2006-07-31,FALSE,397,397,24415336.41,CD,N,FALSE
25582,2008-09-22,2025-12-31,FALSE,575,575,,,,FALSE
25769,1984-10-04,2006-08-10,FALSE,405,405,8538742.68,KMG,N,FALSE
25778,1987-07-09,2018-11-05,TRUE,1511,1511,18049517.26,CA,N,TRUE
25785,1957-03-01,2025-12-31,TRUE,1511,1511,25872183.36,F,N,TRUE
25953,1985-10-24,2025-12-31,TRUE,1511,1511,8374488.34,DOV,N,TRUE
26112,1968-02-01,2005-08-18,FALSE,159,159,978347.16,DAL,N,FALSE
26382,2008-06-23,2011-06-01,FALSE,638,638,,,,FALSE
26403,1976-07-01,2025-12-31,TRUE,1511,1511,56905431.55,DIS,N,TRUE
26518,1986-05-08,2007-10-26,FALSE,710,710,3413888.73,BOL,N,FALSE
26710,1995-05-10,2025-12-31,TRUE,1511,1511,12882905.55,LTR,N,TRUE
26825,1961-04-26,2025-12-10,TRUE,1511,1511,18316687.6,K,N,TRUE
27043,2007-02-12,2021-04-19,FALSE,981,981,,,,FALSE
27422,2009-12-21,2014-04-01,FALSE,260,260,,,,FALSE
27430,1990-05-25,2006-07-17,FALSE,387,387,1584185.72,CTB,N,FALSE
27633,1982-12-30,2017-06-16,TRUE,1511,1511,3003815.68,R,N,TRUE
27713,1974-10-17,2008-11-21,FALSE,981,981,4118485.25,ABI,N,FALSE
27756,2006-12-01,2010-06-30,FALSE,900,900,,,,FALSE
27828,1974-10-17,2025-12-31,TRUE,1511,1511,63568873.95,HPQ,N,TRUE
27887,1972-09-14,2025-12-31,TRUE,1511,1511,21341429.76,BAX,N,TRUE
27959,1976-07-01,2025-12-31,TRUE,1511,1511,23495797.8,DUK,N,TRUE
27983,1963-09-05,2021-03-19,TRUE,1511,1511,14257786.72,XRX,N,TRUE
27991,1999-10-04,2025-12-31,TRUE,1511,1511,4041072.36,PNW,N,TRUE
28222,1985-04-11,2025-12-31,TRUE,1511,1511,13195345.5,APD,N,TRUE
28345,2005-08-15,2017-07-25,FALSE,1356,1356,,,,FALSE
28388,2005-08-12,2023-01-04,FALSE,1357,1357,,,,FALSE
28484,1984-05-17,2025-07-22,TRUE,1511,1511,7272665.55,AHC,N,TRUE
29102,2000-10-18,2015-03-20,TRUE,1511,1511,7317068.34,NBR,A,TRUE
29946,1982-10-14,2025-12-31,TRUE,1511,1511,3123442.2,BF,N,TRUE
30382,1998-07-16,2007-07-06,FALSE,631,631,6854835.48,DG,N,FALSE
30681,1997-12-24,2025-12-31,TRUE,1511,1511,15763264.2,OMC,N,TRUE
30940,2008-10-02,2021-03-19,FALSE,567,567,,,,FALSE
32379,1991-11-25,2005-07-01,FALSE,126,126,1444543.98,GLK,N,FALSE
32707,2010-03-01,2020-05-21,FALSE,214,214,,,,FALSE
32791,2005-07-22,2009-02-25,FALSE,905,905,,,,FALSE
32870,2009-03-04,2025-12-31,FALSE,463,463,,,,FALSE
34032,1981-06-18,2025-12-31,TRUE,1511,1511,16383360,MAS,N,TRUE
34746,1996-03-08,2025-12-31,TRUE,1511,1511,26516209.95,FITB,Q,TRUE
34817,1985-04-18,2025-12-31,TRUE,1511,1511,8026140.95,NUE,N,TRUE
34833,1982-12-09,2025-12-31,TRUE,1511,1511,22321529.1,OXY,N,TRUE
35044,1998-08-28,2025-12-31,TRUE,1511,1511,16383847.5,RF,N,TRUE
35051,1987-12-31,2015-08-28,TRUE,1511,1511,3533971.5,PLL,N,TRUE
35554,2004-02-27,2025-12-31,TRUE,1511,1511,12296903.2,MTB,N,TRUE
36397,2002-05-06,2013-06-21,TRUE,1511,1511,5301891.68,FHN,N,TRUE
36468,1964-05-14,2025-12-31,TRUE,1511,1511,6236229.64,SHW,N,TRUE
36469,1989-02-09,2008-12-31,FALSE,1007,1007,83707749.76,WB,N,FALSE
37161,2001-10-10,2016-06-30,TRUE,1511,1511,3043001.28,TE,N,TRUE
37284,2007-09-27,2018-09-28,FALSE,823,823,,,,FALSE
37584,1998-04-29,2025-12-31,TRUE,1511,1511,17476574.09,BEN,N,TRUE
38156,1975-02-06,2025-12-31,TRUE,1511,1511,8641699.56,WMB,N,TRUE
38682,1984-07-19,2012-12-11,TRUE,1511,1511,7629062,RRD,N,TRUE
38703,1976-07-01,2025-12-31,TRUE,1511,1511,104743609.79,WFC,N,TRUE
38762,2000-11-02,2025-12-31,TRUE,1511,1511,5896463.56,NI,N,TRUE
39087,1989-07-27,2013-07-08,TRUE,1511,1511,34422766.7,FON,N,TRUE
39490,1997-07-28,2025-12-31,TRUE,1511,1511,15762019.88,APA,N,TRUE
39538,1982-03-11,2019-06-06,TRUE,1511,1511,7954917.39,MAT,N,TRUE
39642,1972-09-14,2025-12-31,TRUE,1511,1511,14260202.01,BDX,N,TRUE
39917,1963-12-05,2025-12-31,TRUE,1511,1511,16071089,WY,N,TRUE
40061,1967-02-23,2007-11-15,FALSE,724,724,2652296.45,TEK,N,FALSE
40125,1981-05-14,2015-11-30,TRUE,1511,1511,10519126.38,CSC,N,TRUE
40272,1976-03-04,2025-12-31,TRUE,1511,1511,3967419.8,IFF,N,TRUE
40416,1967-05-18,2015-03-20,TRUE,1511,1511,18062036.88,AVP,N,TRUE
40539,1985-09-26,2025-12-31,TRUE,1511,1511,11974544.05,TJX,N,TRUE
41080,1965-01-07,2025-12-31,TRUE,1511,1511,3746049.1,CMI,N,TRUE
41355,1985-11-07,2025-12-31,TRUE,1511,1511,8922318.32,PH,N,TRUE
41443,1994-12-21,2007-11-16,FALSE,725,725,17839707.34,AT,N,FALSE
42024,1970-04-23,2008-06-20,FALSE,873,873,2808539.8,OMX,N,FALSE
42083,1971-03-04,2006-11-16,FALSE,474,474,4412787.12,ACV,N,FALSE
42200,1985-05-09,2025-12-31,TRUE,1511,1511,2829706.91,PKI,N,TRUE
42534,1986-05-08,2016-09-02,TRUE,1511,1511,11983973.82,JCI,N,TRUE
42585,2008-11-06,2025-12-31,FALSE,542,542,,,,FALSE
42796,1968-05-23,2011-01-03,TRUE,1511,1511,2177905.38,MDP,N,TRUE
42906,1997-08-06,2025-12-31,TRUE,1511,1511,5709063.25,HBAN,Q,TRUE
43123,1978-10-26,2015-07-01,TRUE,1511,1511,1952060.88,ATI,N,TRUE
43350,1982-09-16,2025-12-31,TRUE,1511,1511,3942721.8,SWK,N,TRUE
43449,1970-06-25,2025-12-31,TRUE,1511,1511,40004263.1,MCD,N,TRUE
43553,1979-05-03,2024-04-02,TRUE,1511,1511,6048088.2,VFC,N,TRUE
43772,1978-07-20,2014-12-04,TRUE,1511,1511,3081981.98,BMS,N,TRUE
44206,2009-03-17,2025-12-31,FALSE,454,454,,,,FALSE
44601,1987-12-24,2025-12-31,TRUE,1511,1511,6535859.03,AVY,N,TRUE
44644,1981-02-26,2025-12-31,TRUE,1511,1511,25544291.3,ADP,N,TRUE
44951,1985-01-31,2012-04-30,TRUE,1511,1511,4517546.15,SVU,N,TRUE
45241,2000-11-22,2014-06-30,TRUE,1511,1511,16283589.4,FRX,N,TRUE
45277,2001-09-04,2014-06-20,TRUE,1511,1511,11727986.62,IGT,N,TRUE
45356,1989-07-27,2025-12-31,FALSE,1145,1145,71291174.88,TYC,N,FALSE
45495,1985-01-10,2014-08-18,TRUE,1511,1511,2670151.5,RDC,N,TRUE
45671,1981-02-26,2006-02-24,FALSE,289,289,4961241.04,SFA,N,FALSE
45751,1987-08-06,2025-12-31,TRUE,1511,1511,17335898.3,MMC,N,TRUE
45794,2006-10-02,2010-08-26,FALSE,983,983,,,,FALSE
46578,1969-01-16,2025-12-31,TRUE,1511,1511,12452623.36,CLX,N,TRUE
46674,1973-11-15,2025-12-31,TRUE,1511,1511,7617360.6,GPC,N,TRUE
46703,2007-03-20,2025-12-31,FALSE,956,956,,,,FALSE
46877,1975-06-12,2018-01-02,TRUE,1511,1511,6788645.5,BCR,N,TRUE
46886,1997-09-15,2025-12-31,TRUE,1511,1511,8903579.1,KLAC,Q,TRUE
47175,1989-05-11,2008-03-28,FALSE,814,814,2923348.56,CC,N,FALSE
47466,1984-11-23,2010-12-17,FALSE,1502,1502,5819801.55,NYT,N,FALSE
47896,1976-07-01,2025-12-31,TRUE,1511,1511,139470426.45,JPM,N,TRUE
47941,1975-12-11,2017-06-01,TRUE,1511,1511,20726381.2,GCI,N,TRUE
48267,1995-12-13,2014-05-07,TRUE,1511,1511,2032435.68,LSI,N,TRUE
48274,1989-08-03,2011-12-12,TRUE,1511,1511,1600249.2,GAS,N,TRUE
48485,1976-07-01,2006-03-31,FALSE,314,314,6962622,JP,N,FALSE
48506,1979-12-27,2025-12-31,TRUE,1511,1511,12555231,MCO,N,TRUE
48653,1995-12-01,2025-12-31,TRUE,1511,1511,4648337.28,HUM,N,TRUE
48725,1969-07-16,2025-12-31,TRUE,1511,1511,17506412.4,UNP,N,TRUE
48960,1975-12-11,2006-06-27,FALSE,374,374,5081691.93,KRI,N,FALSE
49015,1976-07-01,2023-09-15,TRUE,1511,1511,8050667.67,LNC,N,TRUE
49154,1976-12-09,2025-12-31,TRUE,1511,1511,46383066.8,TGT,N,TRUE
49373,1986-11-28,2020-09-18,TRUE,1511,1511,8020119.42,HRB,N,TRUE
49429,1986-10-02,2008-10-21,FALSE,958,958,2099003.79,DDS,N,FALSE
49656,1995-03-31,2025-12-31,TRUE,1511,1511,25723225.22,BK,N,TRUE
49680,1998-11-18,2025-12-31,TRUE,1511,1511,17353533.91,DHR,N,TRUE
49905,1984-10-25,2008-12-01,FALSE,986,986,4562314.47,LIZ,N,FALSE
50017,2007-12-21,2018-06-15,FALSE,763,763,,,,FALSE
50032,1984-11-23,2006-06-01,FALSE,356,356,8741353.75,ABS,N,FALSE
50227,1970-03-05,2010-02-12,FALSE,1288,1288,17517965.2,BNI,N,FALSE
50876,1970-11-19,2025-12-31,TRUE,1511,1511,63654693.75,LLY,N,TRUE
50906,1999-08-02,2007-06-29,FALSE,627,627,2171068,ADCT,Q,FALSE
51043,1988-08-11,2008-09-10,FALSE,929,929,68982518.08,FNM,N,FALSE
51263,2007-11-16,2009-08-31,FALSE,450,450,,,,FALSE
51369,1999-11-15,2013-12-20,TRUE,1511,1511,3217612.31,TER,N,TRUE
51377,1976-12-09,2011-09-23,TRUE,1511,1511,6249473.2,NSM,N,TRUE
51596,2000-12-12,2007-05-30,FALSE,605,605,8743450.4,KMI,N,FALSE
51706,2002-02-11,2011-07-05,TRUE,1511,1511,9752806.8,MI,N,TRUE
52038,1986-12-18,2025-12-31,TRUE,1511,1511,23838687.18,SYY,N,TRUE
52090,2003-03-21,2025-12-31,TRUE,1511,1511,4628125.33,MKC,N,TRUE
52230,2000-12-05,2024-06-21,TRUE,1511,1511,4949999,RHI,N,TRUE
52329,2007-10-26,2025-12-31,FALSE,802,802,,,,FALSE
52337,1979-02-08,2016-04-15,TRUE,1511,1511,4998003.57,THC,N,TRUE
52476,1997-06-19,2025-12-31,TRUE,1511,1511,3871593.42,EFX,N,TRUE
52695,1981-05-14,2025-12-31,TRUE,1511,1511,5864338.2,GWW,N,TRUE
52708,2005-10-04,2025-12-31,FALSE,1321,1321,,,,FALSE
52919,1982-04-08,2008-12-31,FALSE,1007,1007,54956323.4,MER,N,FALSE
52978,1984-09-13,2025-12-31,TRUE,1511,1511,3381024.7,HAS,N,TRUE
53065,1992-10-30,2025-11-26,TRUE,1511,1511,5687870.5,IPG,N,TRUE
53225,2007-12-31,2014-09-19,FALSE,758,758,,,,FALSE
53479,1988-06-09,2006-09-29,FALSE,440,440,18755117.5,GDW,N,FALSE
53613,1994-09-27,2025-12-31,TRUE,1511,1511,7348992,MU,N,TRUE
53831,1977-03-31,2009-08-18,FALSE,1165,1165,7289843.1,CTX,N,FALSE
53866,2001-08-06,2015-07-08,TRUE,1511,1511,5158052.12,FDO,N,TRUE
54148,1984-04-12,2025-12-31,TRUE,1511,1511,8065302.65,PHM,N,TRUE
54181,1988-07-14,2010-07-14,FALSE,1392,1392,2428813.2,MIL,N,FALSE
54690,2000-11-17,2006-04-07,FALSE,319,319,11935238.58,HOT,N,FALSE
54827,1999-12-01,2013-12-09,TRUE,1511,1511,2932138.41,MOLX,Q,TRUE
55976,1982-08-19,2025-12-31,TRUE,1511,1511,225930154.45,WMT,N,TRUE
56223,1974-10-17,2006-11-09,FALSE,469,469,2880087.01,LPX,N,FALSE
56232,1994-09-27,2008-12-31,FALSE,1007,1007,24434169.44,NCC,N,FALSE
56274,1983-09-01,2025-12-31,TRUE,1511,1511,15032842.85,CAG,N,TRUE
56573,1986-02-13,2025-12-31,TRUE,1511,1511,27250790.4,ITW,N,TRUE
57568,1984-10-04,2025-12-31,TRUE,1511,1511,4884804.9,BLL,N,TRUE
57665,1988-11-03,2025-12-31,TRUE,1511,1511,16912052.58,NKE,N,TRUE
57817,1986-08-07,2020-06-19,TRUE,1511,1511,6499572.8,JWN,N,TRUE
57904,1999-05-28,2025-12-31,TRUE,1511,1511,20092624.64,AFL,N,TRUE
58094,2002-07-17,2006-11-30,FALSE,483,483,13554604.8,NFB,N,FALSE
58246,1998-01-30,2025-12-31,TRUE,1511,1511,10390395.24,NTRS,Q,TRUE
58318,2006-12-20,2008-11-05,FALSE,473,473,,,,FALSE
58683,1994-07-13,2025-12-31,TRUE,1511,1511,12527898.81,LUV,N,TRUE
58990,1978-05-04,2007-12-13,FALSE,743,743,2634092.4,DJ,N,FALSE
59010,1986-08-21,2022-02-02,TRUE,1511,1511,18385195.86,GPS,N,TRUE
59176,1976-07-01,2025-12-31,TRUE,1511,1511,70177561.08,AXP,N,TRUE
59184,1976-07-01,2008-11-18,FALSE,978,978,39914235.36,BUD,N,FALSE
59192,1976-07-01,2016-01-15,TRUE,1511,1511,14615951.7,CB,N,TRUE
59248,1976-07-01,2025-12-31,TRUE,1511,1511,2725831.42,RKY,N,TRUE
59328,1976-12-09,2025-12-31,TRUE,1511,1511,144256710,INTC,Q,TRUE
59379,1976-07-01,2007-06-29,FALSE,627,627,13019896.26,MEL,N,FALSE
59408,1976-07-01,2025-12-31,TRUE,1511,1511,187660163.42,BAC,N,TRUE
59440,1976-07-01,2008-09-22,FALSE,937,937,6443118.5,SAFC,Q,FALSE
59459,1976-07-01,2025-12-31,TRUE,1511,1511,24937459.5,STA,N,TRUE
60097,1986-10-23,2025-12-31,TRUE,1511,1511,59747276.75,MDT,N,TRUE
60206,1982-09-16,2025-12-31,TRUE,1511,1511,1971286.14,SNA,N,TRUE
60442,1988-04-14,2025-12-31,TRUE,1511,1511,15988831.66,PNC,N,TRUE
60506,1980-10-02,2025-12-31,TRUE,1511,1511,13708537,PCAR,Q,TRUE
60599,1999-03-25,2023-03-17,TRUE,1511,1511,4683070.8,CTL,N,TRUE
60628,1980-11-06,2025-12-31,TRUE,1511,1511,29348373.2,FDX,N,TRUE
60871,1999-10-12,2025-12-31,TRUE,1511,1511,13676817.6,ADI,N,TRUE
60943,1999-10-18,2021-12-17,TRUE,1511,1511,5291720.28,LEG,N,TRUE
60986,1989-04-27,2023-09-15,TRUE,1511,1511,6600696,NWL,N,TRUE
61065,1983-09-08,2005-07-21,FALSE,139,139,4406517.93,TOY,N,FALSE
61241,1984-06-21,2013-09-20,TRUE,1511,1511,7858925.88,AMD,N,TRUE
61399,1984-03-01,2025-12-31,TRUE,1511,1511,44789227.56,LOW,N,TRUE
61621,1998-10-01,2025-12-31,TRUE,1511,1511,12636455.8,PAYX,Q,TRUE
61735,1996-04-23,2025-12-31,TRUE,1511,1511,7462008.9,AOC,N,TRUE
61815,2007-10-08,2020-10-09,FALSE,816,816,,,,FALSE
62092,1997-01-02,2025-12-31,TRUE,1511,1511,4747316,TMO,N,TRUE
62148,1980-11-06,2025-12-31,TRUE,1511,1511,8554490.78,CSX,N,TRUE
62308,1989-04-27,2025-12-31,TRUE,1511,1511,6138315.46,TMK,N,TRUE
62519,2007-01-04,2009-12-22,FALSE,749,749,,,,FALSE
62770,1999-03-10,2006-11-03,FALSE,465,465,9197167.7,ASO,N,FALSE
62834,1983-07-07,2006-06-05,FALSE,358,358,3716757.78,EC,N,FALSE
63060,1982-03-04,2008-09-29,FALSE,942,942,4424625.96,WEN,N,FALSE
63765,2008-06-06,2017-04-03,FALSE,649,649,,,,FALSE
63830,2007-06-01,2016-01-29,FALSE,905,905,,,,FALSE
64186,1982-04-08,2025-12-31,TRUE,1511,1511,10740160,CI,N,TRUE
64282,1983-09-15,2024-09-30,TRUE,1511,1511,9164906.3,LTD,N,TRUE
64311,1982-06-03,2025-12-31,TRUE,1511,1511,14070128.71,NSC,N,TRUE
64390,1997-08-04,2025-12-31,TRUE,1511,1511,17527860.2,PGR,N,TRUE
64451,2004-12-20,2007-10-05,FALSE,695,695,7387334.52,ASN,N,FALSE
64565,1997-06-18,2008-06-30,FALSE,879,879,21295536.42,CFC,N,FALSE
64653,2005-08-19,2025-12-31,FALSE,1352,1352,,,,FALSE
64936,1983-05-20,2025-12-31,TRUE,1511,1511,22365571.2,D,N,TRUE
64995,1994-03-02,2025-12-31,TRUE,1511,1511,13597305.92,KEY,N,TRUE
65330,2006-04-24,2016-12-01,FALSE,1183,1183,,,,FALSE
65787,1986-01-30,2007-12-20,FALSE,748,748,13181746.41,TRB,N,FALSE
65875,1983-12-01,2025-12-31,TRUE,1511,1511,112115109.42,VZ,N,TRUE
65883,1983-12-01,2007-01-03,FALSE,504,504,50648191.65,BLS,N,FALSE
65947,2009-01-30,2025-12-31,FALSE,485,485,,,,FALSE
66093,1983-12-01,2025-12-31,TRUE,1511,1511,84841444.26,SBC,N,TRUE
66114,1986-12-18,2007-12-28,FALSE,753,753,3816414.72,TIN,N,FALSE
66157,1995-10-23,2025-12-31,TRUE,1511,1511,57975255.9,USB,N,TRUE
66181,1988-03-03,2025-12-31,TRUE,1511,1511,94645660.5,HD,N,TRUE
66325,1998-07-01,2014-04-30,TRUE,1511,1511,23490154.85,SLM,N,TRUE
66384,2009-07-01,2025-12-31,FALSE,380,380,,,,FALSE
66800,1980-02-14,2025-12-31,TRUE,1511,1511,171979823.13,AIG,N,TRUE
67467,1998-01-20,2013-02-13,TRUE,1511,1511,1327292.4,BLI,N,TRUE
67598,2008-03-31,2025-12-31,FALSE,697,697,,,,FALSE
68144,1988-05-05,2019-12-06,TRUE,1511,1511,26988639.46,STI,N,TRUE
68304,1998-07-01,2008-05-30,FALSE,858,858,10569190.65,BSC,N,FALSE
68591,1989-12-01,2017-01-04,TRUE,1511,1511,14673441.6,STJ,N,TRUE
68857,2010-12-20,2016-06-23,FALSE,9,9,,,,FALSE
69032,1995-09-22,2025-12-31,TRUE,1511,1511,61186630.7,MWD,N,TRUE
69550,2004-04-23,2020-11-16,TRUE,1511,1511,4725448.68,MYL,N,TRUE
69796,2005-07-05,2025-12-31,FALSE,1385,1385,,,,FALSE
70033,2000-01-31,2020-06-19,TRUE,1511,1511,17610600,HDI,N,TRUE
70092,1989-03-08,2009-12-18,FALSE,1251,1251,4044515.3,KBH,N,FALSE
70308,2009-09-09,2016-05-20,FALSE,332,332,,,,FALSE
70332,1997-07-28,2019-08-08,TRUE,1511,1511,15362101.07,APC,N,TRUE
70500,1998-10-08,2016-05-27,TRUE,1511,1511,9839669.22,CCE,N,TRUE
70519,1988-05-26,2025-12-31,TRUE,1511,1511,250509377.31,C,N,TRUE
70536,1994-09-21,2015-11-18,TRUE,1511,1511,4115817,SIAL,Q,TRUE
70578,1989-01-12,2025-12-31,TRUE,1511,1511,8926800,ECL,N,TRUE
71175,1994-03-11,2021-09-17,TRUE,1511,1511,5194522.32,UNM,N,TRUE
71563,1997-12-04,2025-12-31,TRUE,1511,1511,23050316.64,BBT,N,TRUE
72726,1997-08-15,2025-12-31,TRUE,1511,1511,16240449.81,STT,N,TRUE
73139,2000-12-12,2025-12-31,TRUE,1511,1511,19397609.75,SYK,N,TRUE
73940,2000-12-11,2007-01-09,FALSE,508,508,4045192.02,SBL,N,FALSE
75034,1987-04-09,2025-12-31,TRUE,1511,1511,13871684.5,BHI,N,TRUE
75100,2000-06-21,2021-01-06,TRUE,1511,1511,4597800,TIF,N,TRUE
75154,1998-12-22,2025-12-31,TRUE,1511,1511,36292875.63,CCL,N,TRUE
75175,1996-12-03,2009-12-18,FALSE,1251,1251,8847380.75,MBI,N,FALSE
75186,1997-06-02,2025-12-31,TRUE,1511,1511,15705740.16,SCH,N,TRUE
75224,2006-02-01,2017-03-15,FALSE,1239,1239,,,,FALSE
75241,2008-09-24,2024-05-07,FALSE,573,573,,,,FALSE
75257,1995-07-03,2011-12-20,TRUE,1511,1511,4256407.98,TLAB,Q,TRUE
75333,1993-11-23,2006-03-31,FALSE,314,314,16000482.39,BR,N,FALSE
75489,1998-10-07,2017-09-15,TRUE,1511,1511,16356113.55,SPLS,Q,TRUE
75510,1997-05-06,2025-12-31,TRUE,1511,1511,15064698,ADBE,Q,TRUE
75573,1999-06-24,2010-12-17,FALSE,1502,1502,5373520.8,ODP,N,FALSE
75577,2000-04-18,2015-12-28,TRUE,1511,1511,7490130.36,ALTR,Q,TRUE
75592,2002-01-17,2016-02-19,TRUE,1511,1511,7010576.49,PCL,N,TRUE
75607,2003-03-31,2025-12-31,TRUE,1511,1511,18545696.2,SYMC,Q,TRUE
75646,1992-02-10,2015-03-20,TRUE,1511,1511,10782019.05,AGN,N,TRUE
75789,1992-01-02,2008-09-10,FALSE,929,929,50251498.29,FRE,N,FALSE
75819,2009-03-04,2025-12-31,FALSE,463,463,,,,FALSE
75825,2000-11-02,2025-12-31,TRUE,1511,1511,7891166.25,EOG,N,TRUE
75828,2002-07-22,2025-12-31,TRUE,1511,1511,18687663.92,ERTS,Q,TRUE
75857,1998-12-31,2007-10-01,FALSE,691,691,5019382.39,SLR,N,FALSE
75912,1997-04-01,2006-12-29,FALSE,503,503,1530967.74,PMTC,Q,FALSE
76076,1993-12-31,2025-12-31,TRUE,1511,1511,127217157.48,CSCO,Q,TRUE
76082,2008-06-23,2025-12-31,FALSE,638,638,,,,FALSE
76090,1990-02-08,2008-01-28,FALSE,772,772,7353836.54,HET,N,FALSE
76149,1998-11-13,2015-01-26,TRUE,1511,1511,8762050,SWY,N,TRUE
76171,1993-09-01,2006-11-17,FALSE,475,475,18508289.8,HCA,N,FALSE
76201,1999-11-08,2022-02-14,TRUE,1511,1511,10200946.24,XLNX,Q,TRUE
76226,1994-09-30,2025-08-06,TRUE,1511,1511,57654029.28,VIA,N,TRUE
76240,2002-05-15,2010-04-29,FALSE,1340,1340,7243633.8,BJS,N,FALSE
76282,2003-02-24,2017-08-07,TRUE,1511,1511,4981909.59,AN,N,TRUE
76557,1992-04-23,2005-12-30,FALSE,252,252,36260444.88,KRB,N,FALSE
76565,2001-11-07,2007-03-01,FALSE,543,543,5433824.64,HMA,N,FALSE
76605,1997-01-02,2025-12-31,TRUE,1511,1511,7229145,AZO,N,TRUE
76619,2005-08-30,2013-05-08,FALSE,1345,1345,,,,FALSE
76624,2001-08-03,2007-06-29,FALSE,627,627,1933263.3,PMCS,Q,FALSE
76625,2008-11-17,2011-10-14,FALSE,535,535,,,,FALSE
76638,2001-12-17,2009-03-03,FALSE,1048,1048,4529584.38,JNY,N,FALSE
76639,2008-01-02,2019-09-20,FALSE,757,757,,,,FALSE
76644,1991-05-07,2014-07-01,TRUE,1511,1511,5603878.68,X,N,TRUE
76656,2000-06-16,2007-05-31,FALSE,606,606,6724410,MEDI,Q,FALSE
76708,2009-06-09,2012-09-28,FALSE,396,396,,,,FALSE
76712,1998-10-02,2025-12-31,TRUE,1511,1511,8791253.55,AES,N,TRUE
76757,2000-12-11,2008-06-10,FALSE,865,865,8953156.52,ABK,N,FALSE
76804,1996-07-19,2008-10-30,FALSE,965,965,6540324.82,MTG,N,FALSE
76841,2003-11-13,2025-12-31,TRUE,1511,1509,22319843,BIIB,Q,FALSE
76887,1999-08-02,2008-12-04,FALSE,989,989,2892883.41,AW,N,FALSE
77063,1998-09-28,2007-11-08,FALSE,719,719,2990754.8,HCR,N,FALSE
77129,2006-04-03,2025-12-31,FALSE,1197,1197,,,,FALSE
77150,2004-08-03,2006-11-09,FALSE,469,469,7169754.31,FSH,N,FALSE
77157,2009-01-02,2016-12-01,FALSE,504,504,,,,FALSE
77178,1999-07-22,2025-12-31,TRUE,1511,1511,69540943.44,QCOM,Q,TRUE
77274,2004-07-01,2025-12-31,TRUE,1511,1511,15587588.06,GILD,Q,TRUE
77281,2006-01-03,2017-08-28,FALSE,1259,1259,,,,FALSE
77284,1998-04-01,2005-08-12,FALSE,155,155,33131363,NXTL,Q,FALSE
77338,2009-12-23,2025-12-31,FALSE,258,258,,,,FALSE
77418,1999-01-04,2018-06-19,TRUE,1511,1511,85582339.08,TWX,N,TRUE
77462,1995-12-01,2020-04-03,TRUE,1511,1511,9736055.7,FD,N,TRUE
77481,1999-10-26,2012-05-24,TRUE,1511,1511,6528419.1,EP,N,TRUE
77546,1994-09-27,2007-09-24,FALSE,686,686,34065178.3,FDC,N,FALSE
77605,1995-02-24,2025-12-31,TRUE,1511,1511,28957116.33,BSX,N,TRUE
77606,1998-08-14,2020-09-18,TRUE,1511,1511,16904093.57,KSS,N,TRUE
77659,1999-10-01,2017-07-25,TRUE,1511,1511,12077005.46,BBBY,Q,TRUE
77661,2005-07-05,2025-12-31,FALSE,1385,1385,,,,FALSE
77668,2003-09-26,2018-12-21,TRUE,1511,1511,5614685.16,ESRX,Q,TRUE
77702,2000-06-08,2025-12-31,TRUE,1511,1511,24627497.7,SBUX,Q,TRUE
77730,2005-08-11,2025-12-31,FALSE,1358,1358,,,,FALSE
77768,1992-07-06,2018-10-30,TRUE,1511,1511,14281361.52,PX,N,TRUE
77976,2008-12-23,2011-02-28,FALSE,510,510,,,,FALSE
78034,2005-10-11,2018-03-16,FALSE,1316,1316,,,,FALSE
78139,1999-01-04,2011-12-30,TRUE,1511,1511,2486684.28,CPWR,Q,TRUE
78840,2006-12-01,2008-08-20,FALSE,432,432,,,,FALSE
78877,2006-03-03,2018-03-16,FALSE,1218,1218,,,,FALSE
78916,1999-04-12,2020-05-11,TRUE,1511,1511,3493113.8,WPI,N,TRUE
78927,2007-03-23,2009-03-27,FALSE,508,508,,,,FALSE
78975,2000-12-11,2025-12-31,TRUE,1511,1511,8027705.4,INTU,Q,TRUE
78987,2007-09-07,2025-12-31,FALSE,837,837,,,,FALSE
79057,2002-01-30,2025-12-31,FALSE,1010,1010,12030101.34,ACE,N,FALSE
79094,2001-01-30,2014-11-04,TRUE,1511,1511,4973990.07,JBL,N,TRUE
79103,2009-03-27,2025-12-31,FALSE,446,446,,,,FALSE
79108,2000-06-21,2007-06-29,FALSE,627,627,4303196,SANM,Q,FALSE
79129,2007-07-02,2008-11-12,FALSE,347,347,,,,FALSE
79212,2004-12-29,2010-06-25,FALSE,1380,1380,8591022,XTO,N,FALSE
79237,1999-12-31,2008-12-18,FALSE,999,999,12885220.04,RIG,N,FALSE
79265,2009-01-02,2021-05-13,FALSE,504,504,,,,FALSE
79323,1995-07-13,2025-12-31,TRUE,1511,1511,35147778.64,ALL,N,TRUE
79547,2001-12-03,2025-12-31,TRUE,1511,1511,10024054.7,EQR,N,TRUE
79718,2000-06-29,2006-01-03,FALSE,253,253,3825399.9,MERQ,Q,FALSE
79879,2000-07-27,2013-12-20,TRUE,1511,1511,4521450.89,JDSU,Q,TRUE
79881,2010-02-08,2017-03-17,FALSE,228,228,,,,FALSE
79915,2010-12-20,2019-02-14,FALSE,9,9,,,,FALSE
79973,1998-04-27,2006-07-31,FALSE,397,397,2186343.9,GTW,N,FALSE
80055,2000-04-03,2005-07-01,FALSE,126,126,12201367.64,VRTS,Q,FALSE
80080,1994-01-04,2025-11-03,TRUE,1511,1511,4465331.7,EMN,N,TRUE
80100,2002-06-26,2025-12-31,TRUE,1511,1511,14184365.8,SPG,N,TRUE
80266,2000-12-12,2011-01-14,TRUE,1511,1511,3379783.77,QLGC,Q,TRUE
80303,2008-07-01,2011-12-16,FALSE,632,632,,,,FALSE
80381,2007-01-10,2025-12-31,FALSE,1003,1003,,,,FALSE
80406,2003-07-17,2011-06-02,TRUE,1511,1511,7834140,PLD,N,TRUE
80599,1998-01-12,2008-09-16,FALSE,933,933,23557909.92,LEH,N,FALSE
80711,2003-03-14,2020-12-18,TRUE,1511,1511,3638565.81,AIV,N,TRUE
80913,2004-04-02,2010-02-05,FALSE,1283,1283,7204392.44,ACS,N,FALSE
81055,1998-07-01,2025-12-31,TRUE,1511,1511,20339684.6,COF,N,TRUE
81061,1999-01-13,2025-12-31,TRUE,1511,1511,9131970.12,MCK,N,TRUE
81126,1996-12-19,2006-04-21,FALSE,328,328,23153421.72,GDT,N,FALSE
81138,2002-05-15,2013-06-28,TRUE,1511,1511,14877567.51,APOL,Q,TRUE
81262,2004-03-25,2007-03-22,FALSE,558,558,17334525,CMX,N,FALSE
81285,2002-05-13,2008-06-05,FALSE,862,862,8853240.4,ASD,N,FALSE
81540,2001-08-30,2025-12-31,TRUE,1511,1511,6112553.55,ABC,N,TRUE
81593,1997-07-02,2008-09-29,FALSE,942,941,36564721.43,WM,N,FALSE
81655,1995-05-30,2025-12-31,TRUE,1511,1511,4279446.74,DRI,N,TRUE
81774,1995-07-31,2025-12-31,TRUE,1511,1511,6660590,FCX,N,TRUE
81776,2007-05-31,2011-12-16,FALSE,906,906,,,,FALSE
81857,2008-01-29,2016-04-01,FALSE,739,739,,,,FALSE
82196,2009-04-02,2015-03-20,FALSE,442,442,,,,FALSE
82298,2009-02-26,2016-09-30,FALSE,467,467,,,,FALSE
82307,2008-07-31,2025-12-31,FALSE,611,611,,,,FALSE
82598,1999-06-25,2025-12-31,TRUE,1511,1511,11732204.1,NTAP,Q,TRUE
82618,2006-04-20,2016-05-12,FALSE,1185,1185,,,,FALSE
82642,2006-01-05,2025-12-31,FALSE,1257,1257,,,,FALSE
82643,1999-08-13,2012-09-28,TRUE,1511,1511,10972480,LXK,N,TRUE
82651,2002-01-02,2025-12-31,TRUE,1511,1511,5530801.03,WAT,N,TRUE
82686,1999-12-01,2022-09-30,TRUE,1511,1511,4106230.3,CTXS,Q,TRUE
82775,1995-12-20,2025-12-31,TRUE,1511,1511,20207316.8,HIG,N,TRUE
83143,2009-01-06,2025-12-31,FALSE,502,502,,,,FALSE
83332,1996-10-01,2006-11-30,FALSE,483,483,16710004.08,LU,N,FALSE
83421,2006-04-03,2013-05-23,FALSE,1197,1197,,,,FALSE
83435,1999-12-08,2017-06-16,TRUE,1511,1511,52825237.12,YHOO,Q,TRUE
83443,2010-02-16,2025-12-31,FALSE,223,223,,,,FALSE
83596,1998-08-11,2008-08-26,FALSE,919,919,11818596,EDS,N,FALSE
83693,2000-05-05,2006-01-31,FALSE,272,272,5313469.32,SEBL,Q,FALSE
83699,2007-10-29,2012-12-21,FALSE,801,801,,,,FALSE
83862,2004-04-01,2020-10-06,TRUE,1511,1511,5472751.2,ET,N,TRUE
83906,2008-11-19,2018-11-30,FALSE,533,533,,,,FALSE
83976,2007-03-29,2013-12-20,FALSE,949,949,,,,FALSE
83981,2000-12-01,2005-12-01,FALSE,232,232,2030366.6,CPN,N,FALSE
84001,2001-02-07,2007-03-28,FALSE,562,562,7348778.08,UVN,N,FALSE
84020,1996-11-01,2010-02-26,FALSE,1297,1297,5321001.82,RX,N,FALSE
84032,2005-03-14,2021-09-17,FALSE,1463,1463,,,,FALSE
84036,2000-03-16,2007-03-30,FALSE,564,564,2950754.4,TSG,N,FALSE
84129,2001-06-25,2024-03-15,TRUE,1511,1511,6053643.7,ZION,Q,TRUE
84176,2005-12-20,2008-06-30,FALSE,635,635,,,,FALSE
84342,2001-06-04,2011-12-16,TRUE,1511,1511,3749790.3,MNST,Q,TRUE
84372,2000-01-03,2007-09-28,FALSE,690,690,6366492,NCR,N,FALSE
84373,2002-12-12,2025-12-31,TRUE,1511,1511,9586676,DGX,N,TRUE
84381,1996-12-09,2025-12-31,TRUE,1511,1511,9015581.25,ROK,N,TRUE
84519,2001-08-30,2009-12-18,FALSE,1251,1251,1899966.28,CIEN,Q,FALSE
84769,2008-09-30,2025-12-31,FALSE,569,569,,,,FALSE
84788,2005-11-21,2025-12-31,FALSE,1287,1287,,,,FALSE
85032,2000-07-06,2011-03-31,TRUE,1511,1511,7935517.96,Q,N,TRUE
85058,2006-04-03,2025-12-31,FALSE,1197,1197,,,,FALSE
85072,2007-02-02,2025-12-31,FALSE,987,987,,,,FALSE
85073,1997-06-11,2005-09-30,FALSE,189,189,4792397.55,PVN,N,FALSE
85238,2001-10-10,2007-02-09,FALSE,530,530,11633502.85,EOP,N,FALSE
85269,2004-04-29,2025-12-31,TRUE,1511,1511,11050832.28,VLO,N,TRUE
85271,2007-07-09,2009-03-03,FALSE,417,417,,,,FALSE
85348,1997-10-07,2025-12-31,TRUE,1511,1511,13715029.42,YUM,N,TRUE
85459,2007-03-02,2025-12-31,FALSE,968,968,,,,FALSE
85516,2000-10-23,2005-03-11,FALSE,48,48,728779.8,PWER,Q,FALSE
85522,2001-01-02,2006-05-17,FALSE,346,346,1308218,AMCC,Q,FALSE
85631,1989-12-21,2025-12-31,TRUE,1511,1511,8590185,ADSK,Q,TRUE
85753,2006-02-01,2025-12-31,FALSE,1239,1239,,,,FALSE
85792,2009-07-01,2025-12-31,FALSE,380,380,,,,FALSE
85913,1998-05-21,2025-12-31,TRUE,1511,1511,13984694.48,MAR,N,TRUE
85914,1999-06-30,2025-12-31,TRUE,1511,1511,19230254.16,BBY,N,TRUE
85926,1998-04-01,2023-12-15,TRUE,1511,1511,4487386.8,SEE,N,TRUE
85963,2000-07-03,2016-01-29,TRUE,1511,1511,8731422.61,BRCM,Q,TRUE
86021,2004-12-01,2019-06-28,TRUE,1511,1511,8237251.74,LLL,N,TRUE
86102,2003-04-16,2012-12-31,TRUE,1511,1511,3209412.02,FII,N,TRUE
86111,2007-11-19,2025-12-31,FALSE,786,786,,,,FALSE
86136,1998-06-30,2025-12-31,TRUE,1511,1511,8472020.7,SRE,N,TRUE
86158,2006-11-17,2025-12-31,FALSE,1037,1037,,,,FALSE
86176,2000-10-03,2010-12-17,FALSE,1502,1502,2972245.8,KG,N,FALSE
86228,2008-12-05,2025-12-31,FALSE,522,522,,,,FALSE
86305,2000-06-13,2009-12-18,FALSE,1251,1251,2149518.36,CVG,N,FALSE
86314,2001-09-04,2018-09-14,TRUE,1511,1511,10607184,XL,N,TRUE
86356,2002-07-22,2025-12-31,TRUE,1511,1511,76374279.44,EBAY,Q,TRUE
86580,2001-11-30,2025-12-31,TRUE,1511,1511,3919302.54,NVDA,Q,TRUE
86591,1999-05-28,2005-10-10,FALSE,195,195,4955325.36,DPH,N,FALSE
86725,2008-11-24,2014-01-23,FALSE,530,530,,,,FALSE
86756,2001-05-14,2010-02-26,FALSE,1297,1297,6747239.34,PBG,N,FALSE
86783,2009-11-06,2025-12-31,FALSE,290,290,,,,FALSE
86799,2006-06-28,2016-03-03,FALSE,1137,1137,,,,FALSE
86845,2006-06-06,2008-03-28,FALSE,456,456,,,,FALSE
86868,2002-07-22,2025-12-31,TRUE,1511,1511,50815320.7,GS,N,TRUE
86946,2002-09-04,2017-07-25,TRUE,1511,1511,11583067.5,RAI,N,TRUE
86964,2010-12-20,2025-12-31,FALSE,9,9,,,,FALSE
86979,2006-06-02,2025-07-08,FALSE,1155,1155,,,,FALSE
87055,1993-10-22,2025-12-31,TRUE,1511,1511,22627576.8,COST,Q,TRUE
87070,2007-02-15,2015-11-02,FALSE,978,978,,,,FALSE
87137,2000-08-30,2025-12-31,TRUE,1511,1511,18080018.4,DVN,N,TRUE
87184,2009-07-27,2019-07-12,FALSE,363,363,,,,FALSE
87292,1999-11-05,2010-11-16,FALSE,1480,1480,3731505.06,PTV,N,FALSE
87299,2007-07-12,2025-12-31,FALSE,877,877,,,,FALSE
87432,2000-06-05,2025-12-31,TRUE,1511,1511,11625763.08,A,N,TRUE
87447,2002-07-22,2025-12-31,TRUE,1511,1511,51095795,UPS,N,TRUE
87717,2007-10-10,2025-12-31,FALSE,814,814,,,,FALSE
87842,2000-12-11,2025-12-31,TRUE,1511,1511,29892533.76,MET,N,TRUE
88313,2000-07-13,2011-11-22,TRUE,1511,1511,3875123.2,JNS,N,TRUE
88319,2000-06-29,2005-12-30,FALSE,252,252,1217638.4,VC,N,FALSE
88352,2008-06-02,2025-12-31,FALSE,653,653,,,,FALSE
88587,2000-10-02,2007-10-25,FALSE,709,709,7796299.94,AV,N,FALSE
88590,2008-12-02,2017-04-04,FALSE,525,525,,,,FALSE
88661,2004-09-01,2025-12-31,TRUE,1511,1511,10409161.4,COH,N,TRUE
88668,2002-08-14,2018-06-06,TRUE,1511,1511,14525120.25,MON,N,TRUE
88845,2000-12-14,2018-11-30,TRUE,1511,1511,18130189.08,AET,N,TRUE
88853,2000-12-22,2019-06-03,TRUE,1511,1511,4445430.85,FLR,N,TRUE
88991,2006-11-20,2014-09-19,FALSE,1036,1036,,,,FALSE
89003,2006-11-10,2025-12-31,FALSE,1042,1042,,,,FALSE
89004,2009-06-05,2017-01-13,FALSE,398,398,,,,FALSE
89006,2007-04-02,2025-12-31,FALSE,947,947,,,,FALSE
89014,2001-07-02,2018-11-30,TRUE,1511,1511,6919570.9,COL,N,TRUE
89070,2001-08-07,2025-12-31,TRUE,1511,1511,19472231.52,ZMH,N,TRUE
89179,2002-07-25,2025-12-31,TRUE,1511,1511,33795000,WLP,N,TRUE
89195,2002-07-22,2025-12-31,TRUE,1511,1511,12450297.6,PFG,N,TRUE
89258,2002-07-22,2025-12-31,TRUE,1511,1511,27522460,PRU,N,TRUE
89301,2007-12-14,2016-04-22,FALSE,768,768,,,,FALSE
89393,2010-12-20,2025-12-31,FALSE,9,9,,,,FALSE
89463,2004-10-27,2009-07-24,FALSE,1148,1148,9683084.74,CIT,N,FALSE
89508,2010-06-28,2025-10-30,FALSE,131,131,,,,FALSE
89525,2002-11-19,2025-12-31,TRUE,1511,1511,44692681.6,CMCSA,Q,TRUE
89533,2008-11-14,2025-12-31,FALSE,536,536,,,,FALSE
89626,2006-08-11,2025-12-31,FALSE,1106,1106,,,,FALSE
89757,2005-03-28,2012-09-04,FALSE,1454,1454,,,,FALSE
89813,2003-08-20,2012-04-03,TRUE,1511,1511,11322208.8,MHS,N,TRUE
89954,2006-12-04,2015-07-28,FALSE,1027,1027,,,,FALSE
90038,2007-04-10,2025-12-31,FALSE,942,942,,,,FALSE
90071,2010-01-29,2025-12-31,FALSE,234,234,,,,FALSE
90110,2004-05-03,2015-09-02,TRUE,1511,1511,5163622.6,HSP,N,TRUE
90162,2005-12-02,2015-11-17,FALSE,1279,1279,,,,FALSE
90199,2006-11-10,2025-12-31,FALSE,1042,1042,,,,FALSE
90215,2008-09-15,2025-12-31,FALSE,580,580,,,,FALSE
90319,2006-04-03,2025-12-31,FALSE,1197,1197,,,,FALSE
90352,2000-10-03,2009-12-18,FALSE,1251,1251,1302425.6,DYN,N,FALSE
90435,2004-12-03,2006-12-01,FALSE,484,484,4829924.31,FSL,N,FALSE
90441,2004-12-20,2019-03-19,TRUE,1511,1511,35399320,NWS,N,TRUE
90537,2001-01-16,2009-03-26,FALSE,1065,1065,6384079.24,NE,N,FALSE
90601,2008-10-22,2025-12-31,FALSE,553,553,,,,FALSE
90609,1991-11-01,2011-04-27,TRUE,1511,1511,2488085.28,NOVL,Q,TRUE
90805,2010-03-01,2022-04-08,FALSE,214,214,,,,FALSE
90808,2007-10-02,2025-12-31,FALSE,820,820,,,,FALSE
90829,2008-08-27,2025-12-31,FALSE,592,592,,,,FALSE
90880,2005-10-03,2025-12-31,FALSE,1322,1321,,,,FALSE
90993,2007-09-26,2025-12-31,FALSE,824,824,,,,FALSE
91063,2006-01-03,2019-12-04,FALSE,1259,1258,,,,FALSE
91143,2007-10-25,2013-11-12,FALSE,803,803,,,,FALSE
91207,2006-04-10,2016-09-22,FALSE,1192,1191,,,,FALSE
91218,2006-05-18,2009-06-30,FALSE,785,784,,,,FALSE
91233,2008-07-18,2025-12-31,FALSE,620,620,,,,FALSE
91380,1987-01-08,2006-01-31,FALSE,272,272,2571987,RBK,N,FALSE
91388,2006-08-01,2007-04-09,FALSE,172,171,,,,FALSE
91391,2006-07-18,2015-04-06,FALSE,1124,1123,,,,FALSE
91392,2006-08-01,2018-05-30,FALSE,1114,1113,,,,FALSE
91461,2006-10-02,2021-12-17,FALSE,1071,1070,,,,FALSE
91547,2009-12-21,2013-09-20,FALSE,260,260,,,,FALSE
91556,2009-12-21,2025-12-31,FALSE,260,260,,,,FALSE
91611,2009-10-16,2017-03-17,FALSE,305,305,,,,FALSE
91650,2007-01-03,2017-02-27,FALSE,1008,1007,,,,FALSE
91883,2009-03-30,2016-05-17,FALSE,445,445,,,,FALSE
91937,2009-06-30,2013-04-30,FALSE,381,381,,,,FALSE
92121,2007-07-02,2025-05-16,FALSE,884,883,,,,FALSE
92156,2007-07-02,2009-06-04,FALSE,486,485,,,,FALSE
92157,2007-07-02,2009-06-25,FALSE,501,500,,,,FALSE
92293,2007-10-01,2017-06-16,FALSE,821,820,,,,FALSE
92602,2008-03-31,2025-12-31,FALSE,697,696,,,,FALSE
92611,2009-12-21,2025-12-31,FALSE,260,260,,,,FALSE
92618,2008-10-07,2018-06-29,FALSE,564,564,,,,FALSE
92655,1994-07-01,2025-12-31,TRUE,1511,1511,56617343.98,UNH,N,TRUE
92709,2008-07-01,2018-03-06,FALSE,632,631,,,,FALSE
92890,2009-12-21,2017-06-16,FALSE,260,260,,,,FALSE
92988,2009-09-01,2015-03-17,FALSE,337,336,,,,FALSE
93422,2010-07-01,2015-06-30,FALSE,128,127,,,,FALSE
